n_estimators,max_features,max_depth,min_samples_leaf,min_samples_split,bootstrap,Error-
327,sqrt,193,34,12,False,0.1372447021687735
439,sqrt,241,31,10,True,0.14179104697043654
728,log2,26,27,17,True,0.14012551564490258
545,sqrt,185,43,2,False,0.14002452654314926
31,sqrt,55,11,4,True,0.13386326071546728
532,,43,11,4,False,0.14314053734635848
8,sqrt,11,31,10,True,0.14858365423341374
512,,198,8,6,True,0.12634972852824397
210,,173,42,16,False,0.12836572771280652
328,sqrt,245,31,2,False,0.13649117807005026
315,log2,242,25,3,True,0.1399203811689899
52,,77,25,20,False,0.1384742399787188
567,,78,2,17,True,0.1263609145962403
182,,41,23,17,True,0.12836605340558535
580,sqrt,252,41,16,False,0.13942146977283762
677,,36,8,12,True,0.12642549156694197
762,,134,29,2,False,0.13706210477076997
763,,166,34,14,False,0.13364833130116618
694,log2,272,24,11,True,0.13851663216065022
657,sqrt,237,32,6,True,0.1423683689325617
290,,299,35,10,True,0.12929855288245348
276,,69,36,12,True,0.1295691468340124
354,,57,42,20,False,0.12836572771280674
746,log2,155,49,10,False,0.1419001687127749
421,,231,28,16,False,0.13780092113824946
223,,25,46,20,True,0.13403321075744298
548,log2,113,33,8,False,0.13694749899651024
416,log2,280,47,17,True,0.14794668625152765
120,,101,12,11,True,0.12735719000014775
217,,295,36,9,True,0.1293912101343937
769,sqrt,197,7,19,True,0.13013894329603415
210,sqrt,115,14,5,False,0.12980789341743648
65,sqrt,272,44,17,False,0.14270221923988563
135,sqrt,145,14,5,True,0.13348497183849725
709,,206,25,15,True,0.12866468724371208
189,log2,71,39,10,False,0.13920425388843471
247,sqrt,25,39,8,True,0.14508550285611335
170,,121,11,14,False,0.14314053734635834
279,log2,63,20,16,True,0.13700007173734438
196,,275,35,19,False,0.13326812868509078
557,log2,87,23,20,False,0.1332731171084955
666,log2,282,46,5,False,0.1409819481079314
716,sqrt,27,49,8,False,0.1418762767878158
786,log2,204,14,16,False,0.12966279254133833
611,log2,11,11,19,True,0.13175652757586312
98,log2,232,21,3,True,0.1373320640078627
192,sqrt,235,40,7,True,0.14592473042751952
783,sqrt,15,4,14,True,0.12820879165546764
158,sqrt,293,40,5,True,0.1461131401238239
440,sqrt,273,13,10,True,0.13288044816573052
608,,28,15,20,True,0.1276903243106926
431,,144,50,11,False,0.13002720996758318
316,,14,46,4,False,0.130027209967583
123,log2,95,46,12,True,0.14787951503701804
394,log2,36,2,13,False,0.12548932599957888
411,sqrt,196,21,8,False,0.13295647082445702
517,log2,26,48,16,True,0.14868764501784143
756,,203,17,18,False,0.14367206223043916
702,sqrt,198,14,2,True,0.13315875319126155
782,sqrt,117,4,18,False,0.12731366899015947
405,log2,87,20,10,False,0.13242310795582524
192,,251,22,8,True,0.128246711946378
404,log2,116,24,15,False,0.1337607112884433
139,,287,2,7,True,0.12370874061603372
19,sqrt,271,46,11,True,0.15550194044078797
403,,230,50,6,False,0.13002720996758313
688,log2,196,22,18,False,0.13281225567169247
668,,149,31,16,True,0.12904483374089212
308,,264,14,3,False,0.1416412395614298
35,,265,22,11,True,0.12771038832965523
378,,186,7,5,False,0.1450430286902086
180,log2,34,44,7,True,0.14769232617972783
352,log2,102,35,4,True,0.1431369242447555
780,sqrt,49,28,8,False,0.1346760036814452
472,sqrt,101,1,17,False,0.1269748660193155
116,sqrt,82,47,19,True,0.14820117711128342
302,,218,42,13,False,0.1283657277128065
271,log2,67,50,15,True,0.14905147763392246
12,,46,35,2,True,0.12918676217097957
432,,31,3,12,False,0.15781572142792102
195,,156,27,11,False,0.13780092113824946
569,log2,170,46,20,False,0.14090424187118158
324,sqrt,136,41,17,False,0.13972854330648232
181,,276,29,16,False,0.13706210477077022
69,sqrt,275,22,9,False,0.13489676641214315
732,log2,261,43,14,True,0.1462975998785415
309,,183,33,17,False,0.13387727827684479
628,sqrt,170,50,6,False,0.14201423527876122
328,log2,12,42,3,True,0.14594399996815663
194,,109,47,14,True,0.13474736834661308
316,sqrt,296,27,2,False,0.13512793002764542
524,,258,17,17,True,0.12787794999577112
419,sqrt,95,33,18,True,0.14250989234643763
354,sqrt,,39,14,False,0.13863944617993648
353,log2,57,2,13,False,0.12566215947414738
547,sqrt,204,18,9,True,0.1356206215661484
618,log2,89,27,17,False,0.13482967346918004
230,,142,48,10,True,0.13531685413512953
349,sqrt,190,3,12,True,0.12805792762327842
505,,250,30,5,True,0.1289546025939299
276,sqrt,238,4,15,False,0.12671100465152307
345,sqrt,120,12,2,False,0.1293118465959996
268,log2,85,48,17,False,0.14139141589282622
219,,75,4,13,True,0.12563629452203062
10,sqrt,100,2,3,True,0.1276935684826583
196,sqrt,137,33,4,True,0.1436928981214369
29,log2,154,50,11,False,0.14658486885469893
37,sqrt,164,13,20,True,0.13502675557713942
676,log2,103,49,5,False,0.14172860893902012
414,,230,9,5,True,0.12635228613239505
475,sqrt,73,36,19,True,0.14366905053361545
161,,,16,11,False,0.14298942857838912
724,sqrt,28,34,9,True,0.1429395961789239
224,log2,207,43,9,True,0.14620731126553307
594,sqrt,248,37,18,False,0.1376153306881389
677,log2,12,23,12,False,0.13297574744873328
791,log2,42,34,13,False,0.13712277229133563
777,sqrt,283,24,9,False,0.13341698335683097
16,,210,21,16,False,0.139553316751953
408,sqrt,112,44,13,True,0.14653229492073194
268,,273,13,13,True,0.12704502617029514
565,sqrt,244,42,20,True,0.14566707091373535
527,sqrt,179,30,12,True,0.1414827726222878
646,sqrt,50,40,11,True,0.14496658245358066
330,sqrt,134,41,8,True,0.14569255548276697
672,,211,8,19,False,0.14492044332547718
576,sqrt,97,24,7,False,0.13343960759991635
18,sqrt,218,35,4,False,0.14179370983480907
770,,3,46,17,False,0.13002720996758232
167,log2,224,43,4,False,0.14090000285102436
196,,72,10,6,True,0.12661230177453556
416,,242,8,12,True,0.12627754580855602
759,,23,48,16,False,0.13002720996758232
691,sqrt,6,44,4,False,0.14010186812616446
84,log2,7,43,20,True,0.14872910118091257
313,log2,154,21,4,False,0.13300644436698736
506,,138,35,11,True,0.12914804396396098
768,sqrt,1,36,10,False,0.16335914454515646
267,,88,25,2,False,0.13847423997871874
73,sqrt,277,14,3,False,0.13020259797836994
128,sqrt,175,37,18,True,0.14481074568871474
58,,99,44,20,True,0.13215642534141991
36,,210,23,20,False,0.13944748758629846
692,sqrt,82,7,13,True,0.1287053999040304
261,sqrt,272,5,8,False,0.12526834016546587
159,sqrt,205,16,6,False,0.13144370455213403
578,,103,16,5,True,0.1280372494727409
708,sqrt,227,4,10,False,0.12564967400717275
559,log2,191,38,6,False,0.1381481643042316
792,,239,28,6,False,0.13780092113824893
30,sqrt,23,38,15,False,0.14120939608839142
484,,188,12,18,False,0.14172918609939092
6,log2,137,4,15,True,0.1345121841597325
217,sqrt,264,49,4,True,0.14850262460314337
738,log2,247,43,20,False,0.13991735906702205
643,sqrt,64,7,8,False,0.12689700921323893
481,log2,32,25,19,True,0.13936661239282253
527,,149,46,7,False,0.1300272099675832
286,log2,175,7,3,True,0.1289200153878506
172,sqrt,198,16,13,False,0.1317064791197651
19,log2,284,36,4,True,0.15262919374489062
353,log2,178,34,8,True,0.14292110314098785
199,sqrt,258,16,18,False,0.13114316216037905
679,,158,46,6,True,0.13382168491139643
43,,241,37,9,False,0.1316385321968526
156,log2,111,2,19,True,0.13000352478716393
648,log2,68,2,9,True,0.12645016837390055
749,,87,25,14,True,0.12865636095453256
759,sqrt,285,4,8,True,0.12701950895063988
10,sqrt,69,16,11,True,0.14004853892696797
34,,21,22,2,True,0.12777245965839665
433,,95,34,5,False,0.13364833130116607
46,sqrt,190,48,4,True,0.15150569120613658
132,sqrt,293,6,13,True,0.12791295204221045
773,,257,41,19,True,0.13064295752283006
463,,292,27,12,True,0.1286299155660233
466,,299,43,19,False,0.13002720996758318
728,log2,294,34,10,False,0.1372221004918092
319,,200,23,3,False,0.13944748758629832
520,sqrt,66,39,16,True,0.14458233111966992
479,,64,42,5,False,0.1283657277128071
361,log2,279,29,15,False,0.13552114568959372
561,,272,3,20,True,0.12711500016480873
497,,267,50,13,False,0.13002720996758318
110,sqrt,149,45,6,False,0.14223174795049334
789,sqrt,276,21,8,True,0.13664902329193254
340,sqrt,36,1,13,True,0.12708476397232052
344,log2,184,17,20,True,0.13549582795809836
205,,184,16,4,True,0.12786504848945404
213,log2,117,20,13,False,0.13235172172234463
573,log2,110,16,11,True,0.13419250070948807
709,,192,49,14,False,0.13002720996758257
267,sqrt,17,29,2,True,0.14158552990091647
6,log2,86,36,11,True,0.15465702034211648
257,,14,18,4,True,0.12810021519255232
15,,157,7,20,True,0.12693777944732235
458,log2,110,38,5,True,0.14428662188840782
290,log2,87,37,6,False,0.13787601622266873
223,log2,225,2,14,True,0.12723053831059447
284,,208,30,19,True,0.129052590403245
581,log2,5,13,15,False,0.1311905220969508
649,sqrt,232,32,12,False,0.13650163614147348
477,sqrt,100,42,13,True,0.14596850780961065
631,sqrt,47,49,17,False,0.14188415293506615
647,,17,30,17,False,0.13410823433014255
376,,199,41,2,True,0.13066791097693964
499,sqrt,138,20,11,True,0.13642313378533713
542,log2,188,13,12,True,0.1327991255427494
706,log2,62,32,15,False,0.136366321201998
159,sqrt,72,14,11,True,0.13354652660119867
232,,91,26,15,False,0.1378009211382494
757,log2,104,34,8,False,0.1371520983064218
722,,229,50,17,False,0.13002720996758246
389,log2,111,3,13,False,0.12666368472750864
595,,191,34,2,False,0.13364833130116605
669,,192,49,12,True,0.13586718893494684
334,sqrt,103,42,20,False,0.13978328055535852
302,,172,28,14,True,0.12884911527672832
687,sqrt,54,17,3,False,0.13100377516191616
189,sqrt,138,26,14,False,0.1358294514821482
660,log2,204,35,14,False,0.13765642495049094
382,sqrt,283,48,3,True,0.14837217848570816
722,sqrt,284,41,13,True,0.14532042386155047
691,log2,219,44,14,True,0.14641234301580666
227,log2,72,12,20,True,0.13251666591632058
791,,201,15,15,True,0.1278447187789088
141,log2,216,43,3,True,0.14688612238961177
19,sqrt,210,23,13,False,0.13952870843810186
136,,6,36,18,False,0.13136924173380682
749,log2,56,25,7,True,0.1390083173928067
226,,170,40,6,True,0.1304735297523912
617,log2,295,28,16,True,0.14055886506608903
606,sqrt,229,10,6,True,0.1309294239253698
210,,232,28,13,False,0.13780092113824943
768,log2,28,14,7,False,0.12972683630546922
596,log2,126,21,19,True,0.13690905573256837
625,log2,22,43,11,False,0.14000922312448735
283,,127,3,17,False,0.15271970232975277
135,log2,114,40,12,False,0.13924957906007043
493,,287,23,7,True,0.12822673884955546
381,sqrt,202,30,6,False,0.13582446695806763
442,log2,159,22,11,False,0.1333918673705671
546,,48,1,10,True,0.12479866274470085
26,sqrt,91,36,12,True,0.15015201793978125
64,log2,182,16,13,True,0.1354862394334381
582,sqrt,185,31,13,False,0.13613180766713934
362,,1,29,20,True,0.14377337883955965
665,,47,2,16,False,0.15116536921194762
717,,119,26,13,True,0.12869865561948354
42,,260,27,16,True,0.12873450256742594
25,log2,116,20,9,False,0.13632043200539842
271,log2,69,37,11,True,0.1444557132701569
419,,91,27,7,False,0.13780092113824946
171,sqrt,179,33,3,True,0.14389904877086715
532,,164,38,17,False,0.13122350889289158
38,sqrt,131,27,2,False,0.13865256246334692
145,sqrt,289,18,6,False,0.13208921580287183
170,sqrt,96,21,4,False,0.13351659686474351
491,log2,89,49,9,False,0.14190238605277242
162,log2,285,16,5,False,0.13140801581203954
784,sqrt,17,19,12,False,0.13170060906944303
402,,141,33,19,True,0.12916797778142172
619,log2,52,11,4,False,0.12846549868105941
230,,111,37,12,True,0.12970624578832846
751,sqrt,263,20,20,True,0.13617178691098417
746,sqrt,185,7,4,True,0.128779026266769
75,log2,243,48,15,False,0.14454889530701973
785,sqrt,231,5,13,True,0.1285635007359356
381,sqrt,31,27,10,True,0.14046478486691424
469,sqrt,99,17,18,False,0.13136570947798817
730,,275,35,18,False,0.13326812868509133
249,log2,230,26,5,True,0.14048317607826025
526,sqrt,26,25,20,False,0.13420217165597328
796,log2,134,41,20,True,0.14520476699158374
302,,24,17,18,True,0.12792695877757945
87,sqrt,261,29,8,True,0.14328982646067104
163,log2,166,5,16,False,0.12700388022991846
565,log2,217,3,14,True,0.12847188856609365
293,sqrt,88,39,3,False,0.1386620850898351
203,log2,254,40,5,False,0.13906938207972555
677,log2,250,36,10,False,0.13773748572231118
264,sqrt,190,11,10,True,0.13195559593753506
79,sqrt,259,26,3,True,0.14162319532181364
767,log2,40,11,18,True,0.13160609299166603
759,log2,3,12,10,True,0.1399550982971365
443,sqrt,190,39,8,True,0.1445095150741812
540,log2,3,17,18,True,0.14013278045132097
247,sqrt,86,42,12,True,0.1461175144034067
387,,177,20,20,False,0.14070621479586184
102,sqrt,44,13,17,False,0.1292459617791186
585,,267,17,12,False,0.14367206223043918
127,,35,6,16,True,0.12667193793179918
548,log2,192,9,10,True,0.13063471144543345
619,log2,100,45,13,True,0.14696829008298473
119,,294,31,15,False,0.13391047200014217
52,sqrt,40,7,2,True,0.1297960561843329
503,log2,,21,9,False,0.13301766257889983
254,,294,36,14,True,0.12956323088810942
266,log2,61,38,7,True,0.14442346462320427
331,sqrt,126,2,17,True,0.129622986207114
18,log2,96,13,2,True,0.13782114858990716
606,sqrt,102,50,11,False,0.14187976010119172
615,sqrt,129,20,2,True,0.13645571796311232
789,log2,30,36,6,True,0.14353736351747573
85,sqrt,228,8,2,True,0.1310303969354167
433,,95,37,18,True,0.12960798478326344
434,,76,18,8,True,0.12805773878893187
44,log2,197,48,7,True,0.15201026435995316
388,sqrt,20,42,13,True,0.14568413800813151
155,,105,12,13,False,0.1417291860993907
37,log2,117,18,9,False,0.1335175342261045
574,sqrt,178,1,3,True,0.1242779088178229
766,sqrt,108,28,2,True,0.14053242801381371
35,log2,31,13,10,True,0.13505561246465123
256,sqrt,244,8,4,False,0.1267615520687696
126,,263,16,13,True,0.1283619531843828
765,sqrt,107,9,2,True,0.13005923800632033
165,sqrt,261,43,6,True,0.14695537272630024
353,,2,10,18,True,0.13413754693408383
19,log2,199,25,19,True,0.14562058615834106
775,log2,230,30,19,False,0.13564378295219273
623,,255,27,20,True,0.1287343740130965
174,,167,50,14,False,0.130027209967583
645,,129,12,4,True,0.1272304102056222
318,log2,55,23,9,True,0.13885377279057573
398,sqrt,197,46,11,True,0.14751650883149436
693,sqrt,227,8,20,False,0.12807295452479997
162,,16,18,6,True,0.12813536020895405
798,sqrt,44,36,6,False,0.13766012079787723
211,sqrt,106,26,13,True,0.1405860874123781
266,sqrt,49,32,11,True,0.14278691147298628
148,sqrt,115,21,19,True,0.1376304374297944
796,sqrt,64,9,2,False,0.12778377455978548
47,sqrt,101,12,8,True,0.13362645679821447
230,sqrt,294,14,15,False,0.12988414859892042
741,,182,45,3,False,0.1300272099675824
507,sqrt,105,22,8,True,0.13771907330912048
708,log2,60,23,13,True,0.13806193886109103
242,sqrt,299,8,4,True,0.13016269497056157
123,log2,100,30,8,False,0.13664438408943091
723,log2,59,19,4,True,0.1357997245967971
465,sqrt,223,42,10,True,0.14597741225820296
652,log2,59,17,18,True,0.1352463982736231
338,,158,20,5,True,0.12810119929890712
509,sqrt,143,36,17,False,0.13804225837331244
102,,70,24,4,True,0.12889691536571435
176,,184,24,3,False,0.13944748758629838
99,sqrt,156,1,12,True,0.12856560174227558
658,sqrt,48,14,5,True,0.13333405592168732
34,log2,144,36,11,False,0.14019467815316536
110,sqrt,260,44,11,False,0.14122111245886584
230,log2,235,34,5,False,0.13709124204165027
499,log2,100,30,18,True,0.14163089008153482
362,log2,217,25,11,False,0.13444076246624623
362,sqrt,260,43,13,True,0.14600906101435987
516,,134,4,13,True,0.125791261720579
430,sqrt,246,32,18,True,0.1421905385762354
433,sqrt,115,50,8,False,0.1418175998405975
31,sqrt,273,16,16,True,0.13747606968315845
147,log2,232,37,2,False,0.13842165808776574
529,log2,123,5,17,True,0.12955266469807122
600,log2,24,17,19,True,0.13510099639213566
155,,231,26,6,True,0.12920675060175188
479,,93,16,4,False,0.1429894285783893
348,log2,111,17,19,False,0.13135928456292364
147,sqrt,117,7,17,True,0.13105002560763745
757,sqrt,280,24,5,False,0.1333307334813905
514,sqrt,16,47,10,False,0.14104725890570713
712,,201,25,7,False,0.13847423997871838
45,,265,28,16,True,0.12910645808197999
595,,300,15,7,False,0.1419969078657762
225,,32,39,9,False,0.13122350889289114
44,,91,13,8,False,0.1415009883177058
208,log2,287,26,15,False,0.1351334304112409
297,,239,4,16,False,0.14542457149356344
423,,180,6,15,True,0.12619758628123423
795,log2,127,11,6,True,0.13152792614438524
413,log2,132,21,16,True,0.13709196109583635
451,sqrt,88,6,5,False,0.12620885134640863
76,sqrt,237,17,8,True,0.1360693419202643
360,log2,265,18,6,False,0.13159330591531468
114,sqrt,6,34,18,False,0.1377051873092097
139,sqrt,134,16,10,False,0.13188123938411606
102,log2,31,30,14,False,0.13655434987191403
162,,143,9,9,True,0.12648351401118432
731,log2,31,47,7,False,0.1411185358735263
223,sqrt,34,14,14,True,0.13363582292310727
190,,163,45,5,True,0.13321142001665928
659,sqrt,257,41,16,True,0.145379467479681
736,log2,116,3,15,False,0.12704226355498452
778,,82,37,5,False,0.13163853219685237
407,sqrt,94,4,18,False,0.12763938579226763
580,,184,6,5,True,0.12562608890124383
205,,,31,20,True,0.12887747757506265
214,log2,6,38,8,False,0.13802030769661358
675,log2,126,21,13,True,0.13689567863959348
428,,87,3,13,True,0.1257839503017404
473,sqrt,,21,20,False,0.1330051751441528
485,log2,94,29,3,True,0.1410735714375823
67,log2,218,8,7,False,0.127980933468964
573,,192,39,3,True,0.12997025197187442
165,sqrt,37,10,18,False,0.12831590759043895
93,log2,297,6,17,True,0.13036110047292582
128,log2,103,9,16,True,0.13157633276651856
785,sqrt,224,39,4,False,0.13837876855357636
338,,175,42,7,False,0.12836572771280663
774,log2,16,36,16,False,0.13774663305571563
780,,190,2,7,False,0.15714219648747796
467,log2,226,31,15,True,0.1419361323845879
418,log2,85,50,8,False,0.14184323390341633
487,,188,43,8,False,0.13002720996758318
764,,90,12,3,True,0.1272369660605252
258,,9,48,16,True,0.13541362338598537
363,,208,35,10,False,0.13326812868509094
784,log2,165,26,14,True,0.13951418830624304
171,sqrt,208,6,18,True,0.12982436092014218
101,log2,98,45,16,False,0.1419914186136415
25,sqrt,160,35,16,True,0.14930905055678143
299,,246,16,19,False,0.14298942857838914
708,,270,28,2,True,0.12886338586270124
514,log2,266,29,16,True,0.14093324886775097
177,,237,7,7,True,0.1259289757972509
89,log2,217,25,14,False,0.1356658685405214
545,log2,73,32,19,False,0.1364415018894628
349,sqrt,136,43,18,False,0.13999544647080617
685,log2,60,17,18,False,0.13098965840106958
646,,201,30,3,True,0.12898131810961375
188,,77,25,14,True,0.12880542795433578
436,log2,190,42,14,False,0.1395249582320669
642,log2,76,37,16,False,0.13777349467594155
610,,191,41,15,False,0.12836572771280713
200,sqrt,208,5,9,True,0.12798914664364316
208,log2,79,9,13,False,0.12879262696054786
653,log2,163,5,19,True,0.12964261246849199
51,sqrt,25,3,18,True,0.13068565122895429
701,log2,86,38,13,False,0.13794718988318236
174,,87,7,13,True,0.12595691993090688
128,,112,26,12,True,0.12935509127228917
746,log2,130,12,17,True,0.1320099779671469
762,log2,38,8,7,True,0.12948952786390353
266,,231,20,12,False,0.1407062147958618
19,sqrt,258,36,14,False,0.14175673210198192
175,sqrt,51,3,10,False,0.12666497748608874
725,log2,143,30,11,True,0.14140761767042861
35,sqrt,141,14,3,False,0.1325869750736283
533,log2,138,40,2,True,0.14492504183692692
172,log2,11,25,11,True,0.14120924589498574
275,sqrt,17,17,8,True,0.13538716989028057
117,,256,42,17,False,0.12836572771280655
512,,68,26,17,False,0.13780092113824938
505,sqrt,61,14,12,False,0.13018194996761775
52,,172,27,17,True,0.1291818588325094
412,log2,45,32,15,False,0.13646717521199622
742,sqrt,225,7,10,False,0.12682508467234535
789,,108,25,20,True,0.12869752121898767
721,,256,25,3,True,0.12866092491985145
21,,87,47,18,False,0.13002720996758285
443,log2,53,34,18,True,0.14281129202029116
434,log2,163,45,12,True,0.1468846474339618
207,log2,145,19,3,False,0.13169815351729489
95,sqrt,85,31,3,False,0.13685389997229927
293,log2,169,43,6,True,0.14620276650077116
62,sqrt,289,39,3,False,0.1406927765631577
548,sqrt,260,20,3,True,0.13649089643142218
16,,179,17,7,False,0.14367206223043932
404,log2,135,5,20,False,0.12772835175987443
372,log2,130,21,6,False,0.13281070460821043
291,log2,62,11,15,True,0.13212390069371124
587,sqrt,183,33,15,True,0.14237836904493345
349,sqrt,256,22,9,True,0.1380087834877192
98,log2,1,25,5,False,0.16405886866876615
656,sqrt,176,36,3,False,0.13791640108658154
663,,54,7,18,False,0.14408066180491244
446,,158,37,9,True,0.12954877607217916
350,,21,50,9,True,0.13624636311338778
783,,8,27,10,False,0.13780092113824888
497,,55,35,12,True,0.12914230474385155
260,log2,290,5,4,True,0.12789313550380374
425,log2,95,38,11,True,0.14402163638752757
106,sqrt,212,18,10,True,0.13622746772648212
28,,264,33,17,False,0.13387727827684492
197,,234,29,18,False,0.13706210477077027
110,,124,3,16,False,0.1534125914780395
396,,282,5,9,True,0.1251454449826724
63,sqrt,170,5,11,False,0.12749903605171664
500,log2,263,29,16,True,0.14091821387007242
543,,150,23,15,True,0.12836613071284764
185,log2,114,8,15,False,0.12721503441484705
573,sqrt,244,49,10,False,0.14169527462620674
425,,40,42,9,False,0.128365727712807
311,log2,37,17,6,True,0.1353861293570036
363,log2,298,5,4,False,0.12553357279675637
422,sqrt,116,38,13,True,0.14410158696018927
696,,83,5,19,False,0.14204868839027432
11,log2,106,16,3,True,0.14169861575380124
48,log2,6,38,9,False,0.13981992154833414
256,,221,29,20,True,0.12896072890612675
605,sqrt,203,9,9,True,0.1304790358193879
252,sqrt,153,39,15,True,0.14507468609076157
59,sqrt,50,6,12,True,0.12979995655780555
643,,4,29,5,False,0.13708551700727198
774,log2,16,10,2,False,0.12820808280371582
388,sqrt,175,5,15,False,0.12638747755773214
487,sqrt,224,5,17,False,0.12667664839706425
721,sqrt,125,16,5,False,0.13067530892479454
85,sqrt,246,26,6,False,0.13628114604118702
722,,90,36,9,True,0.12950086970859034
313,,197,18,13,True,0.1280277733968463
418,,1,12,13,True,0.1438109257331265
555,log2,189,20,2,True,0.13642247030839483
583,sqrt,175,42,3,False,0.13942577491727656
738,log2,35,45,10,False,0.14076896195679298
453,sqrt,114,42,4,True,0.14594328728292058
470,,98,46,18,True,0.13387791973464191
157,sqrt,168,10,8,False,0.12820832866117915
85,log2,83,50,6,True,0.15085917766933465
667,,237,18,12,False,0.1423982646345997
549,,209,29,12,True,0.12887506735563867
19,,89,39,3,False,0.13122350889289108
113,log2,200,17,6,True,0.13597020028042597
776,sqrt,282,25,18,False,0.13391919393972318
242,,99,37,20,True,0.12967455469957787
462,,123,10,11,True,0.1264966711168495
117,sqrt,271,38,20,True,0.14538478085253384
410,sqrt,215,32,13,True,0.14227543364671924
185,,215,41,11,True,0.13074428732157076
110,log2,290,14,4,False,0.13011506647386764
64,,185,8,10,False,0.14541681403300333
99,log2,232,12,19,False,0.12954241227761273
361,sqrt,227,18,8,False,0.13156931538624614
699,log2,191,15,16,False,0.13013148884147985
359,log2,49,24,12,False,0.13369910716778913
52,,294,2,15,False,0.15679097613632262
472,,42,46,6,False,0.13002720996758318
252,,283,13,17,False,0.141500988317706
733,sqrt,120,4,13,True,0.12833993404169486
223,sqrt,296,9,12,True,0.13082415074107787
508,log2,48,26,5,True,0.13978589024759944
151,,33,19,14,True,0.12839299863503065
250,log2,36,9,18,False,0.12843354236435378
502,log2,79,11,8,False,0.12861517364708056
700,log2,109,12,16,True,0.13199389997008318
198,log2,126,26,6,False,0.135519695217019
252,,177,24,7,False,0.1394474875862983
485,log2,291,15,16,False,0.1304315154233146
212,sqrt,259,22,4,False,0.13341167776669197
136,log2,170,13,5,True,0.13319394778010538
745,,284,10,7,True,0.12673806781489816
355,sqrt,143,46,10,True,0.14769508660434089
431,log2,8,43,17,False,0.13994110397135065
334,log2,128,26,3,False,0.13504801447228307
599,sqrt,85,41,19,False,0.1394105354898561
619,,15,4,10,True,0.12470239305603174
201,sqrt,123,6,8,False,0.12643507189018396
316,log2,44,28,14,True,0.14121420182774494
334,sqrt,160,20,10,False,0.13246175206962973
545,,286,42,19,True,0.13101418784883181
113,,2,29,15,False,0.13547032825062919
65,,45,17,10,True,0.12773571875528614
257,,59,31,3,False,0.13391047200014194
729,sqrt,33,21,10,False,0.13269841551018005
169,,63,13,9,True,0.12709747349179215
75,log2,6,49,14,False,0.14521220699848505
346,,88,13,6,True,0.1271456892525599
522,log2,214,27,7,True,0.14006543321366785
788,log2,111,32,3,True,0.14215798243824448
276,sqrt,181,41,19,True,0.14548261334383192
31,log2,202,31,19,False,0.14041678020673007
516,sqrt,231,2,4,False,0.12332156690810014
235,log2,170,3,17,True,0.12894998561103788
693,sqrt,168,44,16,False,0.14008220971394564
12,,208,34,15,True,0.12860919001684784
700,sqrt,124,33,16,False,0.1367843489706054
190,sqrt,46,27,11,True,0.14170691533942684
783,log2,55,6,19,False,0.12762148270742218
140,,13,47,5,True,0.13467763005383482
41,log2,205,42,6,False,0.1441806215227813
459,log2,214,17,7,True,0.13519366575839017
608,log2,255,27,3,True,0.14012578785481278
194,,138,13,2,False,0.141500988317706
763,log2,141,22,6,True,0.13736770752621189
54,sqrt,241,5,5,False,0.1259919049504434
9,sqrt,188,15,18,True,0.14098290851926643
271,log2,1,36,5,False,0.16323129849989743
107,sqrt,156,28,14,False,0.13593708719437483
717,,130,36,7,False,0.13136924173380696
692,,298,24,7,True,0.1285356903032958
569,sqrt,280,23,17,False,0.13316357745466736
748,log2,188,27,2,False,0.13459494362001204
323,,229,18,2,False,0.14239826463460012
309,,147,37,15,True,0.12960363785359466
286,log2,191,49,20,True,0.1486481614030569
607,log2,101,16,20,True,0.13428317508222168
120,sqrt,9,49,10,True,0.14922286252471517
785,log2,239,29,7,True,0.1407858693638273
261,,29,26,16,True,0.1286385858200954
423,log2,154,41,2,True,0.14536965633325213
419,log2,35,22,19,True,0.1376884658162588
169,log2,144,11,4,False,0.12865704710686246
480,,204,31,14,False,0.13391047200014192
798,log2,246,41,11,True,0.14519962619977292
254,,86,4,13,False,0.14799516909842736
690,,163,18,20,False,0.14239826463459979
234,,147,46,20,True,0.13406071178264034
385,,113,18,10,False,0.14239826463460017
710,,67,23,14,True,0.12847906683085378
63,sqrt,289,35,16,True,0.14590300501064077
517,log2,32,26,10,True,0.13969233764965103
290,,25,25,10,True,0.12854495740352412
799,log2,69,5,19,False,0.12741569503938743
639,log2,237,29,19,True,0.1409984850748548
148,,243,28,13,True,0.12928910570725619
79,,89,20,5,True,0.12844154495555668
602,log2,266,18,7,True,0.13560143756712487
341,sqrt,80,26,8,False,0.13502781906281094
613,sqrt,124,1,18,True,0.12901556332287936
255,sqrt,247,37,2,False,0.13809280490982287
212,sqrt,138,32,9,True,0.14304113681656583
421,sqrt,229,10,19,False,0.1283687931578178
346,log2,55,1,18,True,0.12895954600120224
588,log2,208,20,2,False,0.13235535920802796
567,,121,21,7,True,0.1284401627902851
579,sqrt,121,40,17,True,0.14473697896720772
183,log2,275,2,14,False,0.1276005921498514
79,log2,242,44,18,True,0.14893482665641386
318,log2,299,4,18,True,0.12932697593848824
475,,277,31,5,True,0.12902425175429683
280,,17,41,13,True,0.13076336643638461
278,,168,42,5,True,0.13112747061358646
228,sqrt,218,39,14,True,0.14498943023677158
155,log2,244,38,4,False,0.13850506716089575
511,sqrt,63,34,15,False,0.1375010403568348
379,,249,1,19,True,0.12669418315723227
346,log2,50,18,6,False,0.13160038881175554
430,,162,11,19,False,0.14314053734635854
469,log2,212,34,11,False,0.1374625035780728
715,sqrt,228,35,17,True,0.14318294219859062
770,log2,157,29,14,True,0.14079425747077456
722,log2,282,4,15,True,0.12875943591479697
344,sqrt,240,12,20,False,0.12927558085066196
331,log2,103,1,9,True,0.12641694766984138
479,sqrt,300,29,16,False,0.13556894074741654
768,log2,219,7,8,True,0.12870226876958338
276,sqrt,3,4,17,True,0.14020088107455772
430,,274,25,8,False,0.1384742399787189
783,sqrt,66,38,5,True,0.14420668105319775
540,,213,33,10,True,0.12913474539695127
513,,189,30,15,True,0.12897158095761804
521,sqrt,31,8,14,True,0.12983861854768808
199,sqrt,137,3,8,False,0.1259020518452626
488,,34,45,13,False,0.13002720996758318
170,sqrt,149,16,3,False,0.13152594528329123
715,,297,12,5,False,0.1417291860993905
569,log2,206,5,16,True,0.12922249960545848
219,log2,130,41,2,True,0.1456074265784965
179,sqrt,50,16,17,False,0.131626426544063
429,,272,11,12,True,0.12667393405968874
224,sqrt,64,30,15,False,0.13606058990739014
310,,92,9,6,True,0.12618425983666062
467,sqrt,2,23,4,True,0.14914551945843577
622,,59,43,2,False,0.130027209967583
426,sqrt,20,42,12,True,0.14574295299163528
370,sqrt,98,11,3,True,0.13189831789930348
762,sqrt,49,6,5,True,0.12802142292742488
191,log2,270,46,16,False,0.14205765734090084
62,log2,186,21,9,True,0.1377825176218175
654,log2,194,44,14,False,0.140267409635754
455,,14,1,15,True,0.12605830103337798
519,log2,267,7,7,False,0.12701320894561816
751,sqrt,101,43,11,False,0.1399397913036752
22,sqrt,221,36,6,True,0.15019486431299944
483,,6,9,19,True,0.12669495838901537
709,sqrt,99,20,15,True,0.13629223736546214
52,log2,93,19,5,False,0.13372279157341962
359,,72,46,4,True,0.13394653857173341
76,,272,33,16,True,0.12914820232887367
614,,3,18,9,True,0.12936919464498534
333,,219,19,5,True,0.12820226735913015
768,,25,5,13,True,0.12568984225182384
784,,146,16,10,True,0.12808394941546516
650,sqrt,155,23,11,True,0.1382610373377523
143,,106,11,9,False,0.14314053734635843
463,log2,100,31,6,False,0.13642854496815457
317,,221,41,19,True,0.13066352099689535
501,sqrt,115,30,13,False,0.1358185636798597
505,sqrt,19,11,16,False,0.12860429813386853
346,sqrt,153,50,10,True,0.14906352863810224
462,,246,20,8,False,0.14070621479586184
431,,211,22,4,True,0.128359046762483
317,log2,128,30,12,False,0.136134128716906
687,,2,5,11,True,0.13416974338980567
107,sqrt,10,41,6,False,0.1407608388922623
348,log2,257,39,16,False,0.13864850493031142
69,log2,252,2,7,False,0.12405107404473346
631,log2,128,47,16,False,0.1411022668662363
407,log2,252,30,8,True,0.14164386960235995
614,log2,29,49,2,False,0.14182093223994865
497,,227,35,13,False,0.13326812868509105
369,log2,15,23,3,True,0.13828300350047054
593,log2,298,1,2,True,0.1239518662489816
224,sqrt,4,34,18,False,0.13780561435719174
404,sqrt,7,14,18,False,0.12997154945327596
657,,193,38,13,False,0.13122350889289136
51,,266,4,7,True,0.12323398348372844
80,,63,10,17,False,0.14333181652419888
302,log2,246,45,11,False,0.14096081497141208
641,,258,48,16,False,0.1300272099675829
624,,222,38,11,True,0.12989114991911344
358,log2,36,44,17,False,0.14022982419437777
244,sqrt,280,12,3,False,0.12958308871562121
795,sqrt,117,5,3,True,0.12796622183996176
206,sqrt,205,21,6,True,0.13726901837707337
365,log2,210,2,4,True,0.12402123118731495
500,sqrt,39,16,7,True,0.13421718141561775
684,log2,106,10,10,False,0.12819150262615417
31,sqrt,35,2,19,True,0.13347868983027888
449,log2,276,1,18,True,0.12898698881504725
321,,162,48,2,False,0.130027209967583
326,sqrt,59,21,17,False,0.13300339494612326
671,log2,52,16,12,False,0.13056749269325466
70,,74,31,2,True,0.12907859382678846
511,,206,48,4,True,0.13529081130200935
511,log2,212,45,19,True,0.14735080919762894
290,sqrt,86,16,12,True,0.13450653908987062
642,sqrt,171,32,2,True,0.14231511233796426
530,log2,286,44,12,True,0.14658610416868997
523,,252,11,16,False,0.14314053734635845
403,sqrt,103,20,2,False,0.132405644807463
525,sqrt,253,24,7,False,0.1336799709876616
271,,7,20,9,False,0.1407062147958618
760,,299,18,18,False,0.1423982646345999
226,sqrt,222,50,4,False,0.1423055221399674
524,log2,38,44,10,False,0.1403367567143518
623,sqrt,184,22,7,False,0.13298464568664078
763,sqrt,39,47,20,True,0.14782473209757274
156,,70,8,9,False,0.14541681403300347
13,log2,278,10,3,True,0.13524231995417882
371,sqrt,66,37,9,True,0.14398964311317985
195,log2,16,14,6,False,0.12992969043318495
655,log2,173,24,19,False,0.13345631802845456
255,sqrt,241,12,15,False,0.1295086863801654
707,sqrt,188,13,8,False,0.12919163314266444
725,log2,253,37,15,False,0.13771404284717
193,log2,85,48,14,True,0.14905304495119157
309,sqrt,157,37,7,True,0.14434977493222623
221,log2,251,5,10,False,0.12529565842547657
575,sqrt,258,6,8,False,0.1259594058046877
460,sqrt,72,19,7,False,0.13180952076450925
649,log2,74,41,6,True,0.14535343828145275
511,,199,22,15,False,0.13896852573520113
599,,38,34,16,False,0.13364833130116607
648,sqrt,31,31,15,False,0.13620253816504346
120,log2,163,38,12,False,0.1387951435754528
357,,266,10,18,True,0.12650932636415246
597,log2,273,34,20,False,0.137202548482146
165,log2,27,16,17,True,0.13444945755991378
618,sqrt,261,31,19,True,0.14192877198725548
460,log2,149,36,20,False,0.13809170704093307
374,sqrt,116,3,11,False,0.1254717129167644
160,log2,288,20,3,True,0.1367826012314361
706,,264,14,2,True,0.1273657148372471
283,sqrt,296,6,9,True,0.12782257673104544
249,,187,50,18,False,0.13002720996758296
517,,251,2,13,True,0.1257444981363982
638,sqrt,190,26,13,False,0.13453186496168545
416,sqrt,192,28,11,True,0.14059810019556374
432,,108,38,2,False,0.13122350889289147
247,,27,50,19,False,0.13002720996758296
505,,230,39,14,True,0.12996217687623343
279,log2,100,47,3,True,0.14787532210974436
150,,126,18,14,False,0.14239826463460023
727,,146,37,2,True,0.12964788535924054
473,,209,29,12,True,0.12889133823545912
134,log2,151,32,13,False,0.13635224038437127
446,,245,49,15,False,0.13002720996758318
134,,264,37,14,True,0.12986033952854534
139,sqrt,290,35,6,True,0.1441973044298177
196,,194,21,14,False,0.13955331675195293
482,,177,22,11,True,0.1282599409729698
16,sqrt,61,34,5,False,0.14215083276704454
796,sqrt,283,30,15,True,0.1413383351909254
671,log2,213,29,14,True,0.14088047073746976
724,log2,232,24,6,True,0.13856290926900358
203,log2,115,49,2,True,0.1488895394666029
314,log2,28,43,3,False,0.14022933691304398
666,log2,33,39,4,True,0.14451053496484934
79,sqrt,289,8,17,False,0.12879158456545312
190,log2,257,19,14,True,0.1369186284364482
291,sqrt,127,36,14,False,0.13780257808882906
655,log2,82,9,6,True,0.13032839847994926
647,,226,39,5,False,0.13122350889289144
592,log2,83,48,11,True,0.1481519874307702
427,,129,46,16,True,0.13393197333529763
554,log2,287,25,14,False,0.1340938057580228
372,log2,189,33,6,True,0.14258256677855022
636,,48,28,4,False,0.13780092113824893
535,sqrt,213,24,18,True,0.13859818790179226
212,,163,18,19,False,0.14239826463460012
777,,32,10,3,True,0.12673828711456617
220,log2,87,12,3,True,0.13245075034229412
18,,160,24,18,False,0.13944748758629852
18,log2,247,11,10,True,0.13675450486878174
49,sqrt,180,4,18,False,0.12948457703155433
592,log2,84,49,12,False,0.14163584849102356
619,,80,36,4,False,0.13136924173380715
555,sqrt,44,17,13,True,0.13509532332560448
439,sqrt,2,13,7,False,0.14882009460371246
671,,231,30,18,True,0.12901749343593225
546,sqrt,244,23,5,False,0.13329325295205774
324,log2,187,9,16,False,0.128067300327156
174,log2,64,33,6,False,0.1377547907298703
728,,213,24,10,False,0.1394474875862981
734,sqrt,138,37,17,False,0.13767940346386623
544,log2,161,39,5,False,0.13858648464162873
483,,286,19,14,False,0.14201249750676195
753,log2,214,41,6,True,0.14531702774530816
242,sqrt,172,25,4,True,0.13998061079295462
385,log2,128,2,9,False,0.12613398921275207
603,sqrt,85,48,2,True,0.1481710193480684
119,log2,104,25,13,True,0.14079497208376354
574,log2,68,48,2,False,0.14131485921188744
84,log2,241,39,11,True,0.14680938710957203
461,log2,152,38,15,False,0.13825302897705402
682,sqrt,227,48,18,True,0.1481296642307732
114,sqrt,134,22,10,True,0.13806151722787016
306,log2,91,32,12,False,0.1364299793966674
773,,226,3,12,True,0.1254004076152516
424,log2,239,15,5,True,0.13409556569242032
496,sqrt,106,3,10,False,0.1261739049517124
541,sqrt,194,5,5,True,0.12799792479802288
337,sqrt,280,6,20,False,0.12773019863649013
199,sqrt,88,34,6,True,0.14382794135668409
507,,20,41,5,False,0.12836572771280721
151,log2,249,26,2,True,0.14102631494219767
576,log2,183,19,5,False,0.1317257719676075
331,,280,25,7,False,0.1384742399787188
763,,211,49,3,False,0.13002720996758235
615,log2,151,4,3,True,0.12743133858322436
412,sqrt,64,41,16,True,0.14546096124586488
99,,148,28,19,True,0.12917058093835643
170,sqrt,95,2,12,False,0.12598304017023676
438,log2,262,34,16,False,0.13731317134474366
353,sqrt,53,33,4,True,0.14264696113378864
145,sqrt,66,9,8,False,0.12935091437733084
553,log2,57,14,14,True,0.13342998141261797
48,,166,35,17,False,0.13326812868509078
101,sqrt,271,5,10,False,0.12582985436245167
488,sqrt,114,18,12,True,0.13570253392628273
34,sqrt,45,29,13,False,0.13948884269361803
375,log2,65,8,4,False,0.1266360334770429
444,,144,47,10,False,0.13002720996758318
153,log2,16,40,10,True,0.146055885290035
672,,203,48,19,False,0.13002720996758269
678,,43,45,13,True,0.13305531086022582
568,log2,67,19,16,True,0.1360381181914698
344,sqrt,265,42,6,True,0.14571658101183813
743,log2,24,8,12,False,0.1271294518862033
475,log2,24,30,13,False,0.13587283013755444
359,,38,7,10,False,0.14504302869020871
511,sqrt,156,37,2,True,0.1441737688949837
549,,183,2,20,True,0.1268409069721181
555,sqrt,67,44,16,False,0.140198568044468
733,,61,20,5,True,0.12830653210954376
375,,138,20,10,True,0.12807694015364926
100,,102,26,7,True,0.12913759600354974
786,log2,225,26,11,True,0.13948729417231032
752,log2,17,41,3,True,0.14533308479469434
541,log2,218,9,17,True,0.130603009265713
726,,194,1,17,True,0.12633974633345968
256,,16,26,17,True,0.12866315888412264
45,log2,206,14,12,False,0.13187014707738293
379,log2,156,19,13,False,0.13152729193549176
17,sqrt,131,48,16,False,0.14951470528655467
498,,138,29,5,True,0.12887518703270415
668,sqrt,293,17,12,False,0.13097493039561403
413,sqrt,170,28,4,True,0.14069791070860574
355,,280,31,16,True,0.1289896055221185
84,sqrt,163,28,3,True,0.1430283565731725
161,,267,32,12,True,0.12907771838437107
221,sqrt,96,3,5,True,0.1262184072168059
776,log2,202,23,7,False,0.1329825041766575
366,sqrt,176,11,16,True,0.13180500019951494
464,,190,24,12,True,0.12839816129535864
165,sqrt,119,14,10,False,0.1297358044129434
287,log2,167,9,4,True,0.13101235328597496
182,log2,215,21,16,True,0.13777954957911467
608,log2,83,20,18,False,0.132350880530515
209,log2,179,22,10,False,0.133349757295393
106,,70,37,6,False,0.1316385321968527
625,sqrt,209,4,3,True,0.1274495674816211
75,,58,15,12,True,0.1272345369177977
699,log2,181,21,12,True,0.1367220753277853
349,sqrt,114,48,7,True,0.14850733532081076
299,sqrt,97,24,9,False,0.133692503822003
461,,152,45,19,True,0.13307605388989674
699,sqrt,272,13,17,False,0.12914867604459057
755,sqrt,240,9,6,True,0.13009440835062522
13,,121,34,11,False,0.13364833130116613
59,,103,27,5,True,0.12922438835971448
159,,33,27,14,True,0.12914285547767798
775,log2,41,33,9,True,0.14242434558206252
784,,6,43,10,True,0.13143759254777598
368,,217,26,5,True,0.1286489206288434
522,log2,14,33,20,False,0.13697624830021934
383,log2,229,6,3,True,0.12804279823826406
306,,15,35,18,False,0.13326812868509086
644,sqrt,123,6,14,True,0.12864013690688933
123,sqrt,209,6,7,True,0.12870049781054974
84,log2,170,14,14,True,0.13420902045513133
368,sqrt,162,39,8,True,0.14443267530922263
290,sqrt,248,39,17,True,0.14485171422697826
416,log2,119,30,16,True,0.14157406850875512
603,sqrt,26,1,2,False,0.12315532619077528
138,,245,21,17,True,0.1284675072474666
735,sqrt,273,27,7,False,0.13466169515206552
757,log2,248,10,19,False,0.12819934937120978
73,log2,89,47,5,True,0.15009355170752328
477,,122,46,15,True,0.13383520634962529
655,,230,9,2,True,0.12642179784240234
344,sqrt,94,24,2,True,0.13916894799812762
114,log2,117,50,5,True,0.14978467121836456
395,,60,25,14,False,0.13847423997871885
651,log2,270,48,2,True,0.14831817936131408
714,,206,44,7,False,0.13002720996758255
658,log2,64,17,11,False,0.1310515407309726
551,log2,257,4,18,True,0.1294973069388835
492,log2,65,17,17,False,0.13131621028470633
169,sqrt,209,39,6,False,0.13935753259838124
568,log2,59,42,16,True,0.14562998667242663
766,sqrt,213,8,12,False,0.12708608040961847
406,log2,296,4,3,True,0.12765710995480137
581,log2,163,4,6,True,0.1273379891256769
420,log2,31,50,6,True,0.14903287097099122
686,log2,251,17,14,True,0.13492398194576707
406,,219,3,19,False,0.15452075762491643
456,sqrt,207,20,10,True,0.13642375265075476
163,log2,249,30,6,True,0.14306477352491767
650,sqrt,213,43,19,True,0.1461436186183386
426,sqrt,257,39,14,False,0.1385749583376659
347,sqrt,42,45,11,False,0.1407912502804042
244,log2,85,29,11,False,0.13581917946605246
533,,187,23,6,False,0.1394474875862984
87,,151,24,17,False,0.13944748758629835
79,log2,113,15,9,True,0.13502457376635438
44,sqrt,117,36,12,True,0.14826437414728313
437,,260,2,16,True,0.1263542980200664
100,log2,72,46,15,True,0.14779236828741005
787,,150,45,13,False,0.1300272099675823
531,sqrt,202,4,11,True,0.12786060799362506
488,,288,27,19,True,0.12861315259447995
502,,155,2,7,False,0.157102798045178
325,,265,23,5,False,0.13944748758629832
704,log2,139,50,2,False,0.14197084047621114
648,sqrt,245,42,16,False,0.13961360679704718
235,sqrt,183,29,10,False,0.1359066636732737
466,log2,292,32,3,False,0.13660181066486676
331,log2,233,12,4,False,0.1293407517560034
175,sqrt,217,34,17,True,0.14432272051957232
753,sqrt,26,14,3,False,0.1297165787751714
351,log2,219,36,2,False,0.13791683259418938
324,sqrt,274,32,9,True,0.14285532626034445
141,,143,50,5,False,0.130027209967583
217,sqrt,198,25,8,False,0.1348542353595191
34,log2,90,29,10,False,0.13948884269361803
275,log2,260,9,19,False,0.12776175688100797
603,log2,126,19,4,False,0.13160206289472645
311,,49,30,15,False,0.1341082343301427
386,,278,8,10,True,0.1263835395150458
343,sqrt,41,11,2,True,0.1318736409757906
344,sqrt,70,37,3,True,0.14408564640325858
467,log2,147,10,16,False,0.1284934744220783
780,,38,48,13,False,0.13002720996758224
715,sqrt,240,50,8,True,0.14885734964332817
195,,221,46,15,True,0.13403332588311057
178,log2,276,11,13,False,0.12914726631224233
285,sqrt,91,41,2,False,0.1395557043322391
93,,20,34,17,False,0.13364833130116613
707,sqrt,160,2,7,True,0.12594312313195433
600,,177,17,19,False,0.1436720622304392
559,,144,10,10,True,0.12667510182129096
170,,115,45,19,True,0.13321275071923355
555,log2,112,39,9,False,0.13852768545445346
525,,34,27,9,False,0.13780092113824935
370,sqrt,241,17,6,True,0.13517484656862008
141,log2,10,35,10,True,0.14407759975530757
220,,283,47,13,True,0.1347767534373191
789,,77,49,12,False,0.13002720996758227
577,,74,20,12,True,0.128253887185884
358,,72,50,5,False,0.1300272099675831
75,log2,244,21,18,False,0.13445569944353278
753,log2,147,3,4,True,0.1260149776817778
618,,120,11,19,False,0.1431405373463584
132,,193,26,14,True,0.12935962744895457
337,,87,8,8,False,0.1454168140330033
397,log2,33,6,16,False,0.12632693109744084
674,log2,223,28,20,False,0.13468760439506672
769,sqrt,41,31,2,True,0.14180303260733942
392,log2,2,31,7,False,0.14857491061123407
664,log2,216,29,15,False,0.1353950011199028
391,,12,23,3,True,0.1282540093529969
652,log2,242,11,18,True,0.13166599396484502
42,,48,9,11,False,0.1468843997817946
306,log2,138,24,3,True,0.1392987820895835
768,sqrt,65,1,19,True,0.12944818638151426
676,,101,32,14,False,0.13562730216452515
590,,9,35,6,False,0.13326812868509116
346,sqrt,27,38,13,True,0.14424364668242884
605,sqrt,86,31,20,False,0.13610176132983987
677,sqrt,181,27,20,False,0.13465992209850428
144,log2,112,16,18,False,0.13161338023252958
136,log2,230,9,9,False,0.12945823279703117
292,,183,22,16,False,0.13896852573520105
631,sqrt,214,30,7,False,0.13577617220720195
73,sqrt,237,17,6,True,0.1362133661868015
423,log2,50,6,8,True,0.12817336993720507
305,,263,14,19,False,0.1416412395614298
473,sqrt,238,48,17,True,0.1486329138959168
181,,236,31,11,True,0.12912231199363403
128,log2,65,43,10,False,0.1405540802633898
691,,206,46,8,True,0.13376846624418628
217,,119,6,12,True,0.12536768471957646
322,,109,6,15,False,0.14436737025145482
406,,136,15,9,True,0.12753274848429078
310,sqrt,130,41,15,True,0.14577761599700295
438,,268,39,6,True,0.13013032201478122
463,,222,19,2,True,0.1282735422665455
537,,90,48,14,False,0.1300272099675832
554,sqrt,51,18,14,True,0.1355863881147731
521,log2,157,8,10,False,0.12696610488278534
402,sqrt,149,41,2,False,0.1394230109457729
652,log2,224,50,11,True,0.14894475863500073
616,,268,37,8,False,0.1316385321968527
177,sqrt,22,23,2,False,0.13429321068815242
358,,186,20,19,True,0.12813281826257836
5,log2,129,44,12,True,0.15682225611387507
641,,98,24,18,False,0.13944748758629807
23,log2,184,17,8,False,0.13504683897160533
393,,164,22,9,True,0.12826704317858803
402,,160,2,5,False,0.1544458568498204
403,log2,169,1,6,False,0.1251896894544408
421,,210,1,20,False,0.15011883144140156
697,,172,18,15,False,0.14239826463459976
635,log2,284,7,16,True,0.12936153961214467
296,sqrt,90,26,14,False,0.13490261962522243
12,,192,17,12,True,0.12721004964021154
37,,167,10,9,False,0.14333181652419885
88,sqrt,36,10,20,True,0.1317603062901374
566,,83,22,11,False,0.13896852573520105
189,,190,22,11,True,0.12823492550279594
69,,285,15,3,True,0.1270005120178117
460,sqrt,169,3,14,False,0.1266057860609678
531,log2,283,1,16,True,0.12814683251545514
202,,137,14,9,True,0.12712234348656853
342,sqrt,80,37,9,True,0.14420396056229687
631,log2,268,23,7,False,0.13315814853618588
721,sqrt,239,12,12,True,0.13205121406093623
451,,86,48,8,False,0.13002720996758318
516,sqrt,87,19,10,False,0.1318731448681351
77,log2,28,29,14,True,0.14403518232415902
137,sqrt,288,34,15,False,0.13746836245374572
621,log2,92,14,9,False,0.12992427064297474
671,log2,133,32,7,False,0.13642310747528186
425,,135,8,14,False,0.14541681403300324
383,sqrt,275,38,9,True,0.14409475609366657
386,log2,48,4,3,False,0.124676301507069
415,log2,,31,8,False,0.13628798503323716
587,,191,33,17,True,0.12911276992316242
131,sqrt,167,7,12,True,0.1288882955923941
179,sqrt,125,24,19,True,0.14033518085898045
797,log2,254,35,15,False,0.137330703090744
83,,164,18,4,False,0.14239826463460023
27,,24,27,2,False,0.13780092113824946
548,,68,28,13,False,0.1378009211382493
559,,110,48,2,False,0.1300272099675832
472,sqrt,253,46,17,True,0.1477401595431612
510,log2,199,47,18,False,0.14112055288389444
589,,217,37,14,False,0.13163853219685273
153,log2,222,31,14,False,0.13644956568926744
192,,130,45,18,True,0.1332137719765175
81,,251,28,14,False,0.1378009211382494
269,,159,1,13,True,0.125085630174839
592,log2,163,25,4,False,0.13397283968325283
186,sqrt,64,39,10,True,0.14575433816695005
37,,133,5,9,True,0.12508533551499132
474,sqrt,22,8,14,True,0.12984310916546268
265,sqrt,37,8,6,False,0.1267497871826944
152,sqrt,222,40,9,False,0.13921747437120643
161,sqrt,264,39,2,True,0.14570030528990421
663,sqrt,116,19,20,False,0.13164016257117014
137,sqrt,27,26,8,True,0.141112959186256
194,,3,26,10,True,0.1292958001865662
71,,90,33,2,False,0.13387727827684495
525,sqrt,92,30,18,False,0.13577044594479212
452,log2,294,11,8,False,0.12865192180865373
752,sqrt,7,41,6,False,0.13938562435252103
133,sqrt,195,32,13,False,0.1362140060151548
359,sqrt,262,48,10,False,0.1412504347785978
779,,19,16,7,False,0.14298942857838884
80,log2,49,32,14,True,0.14501398901072368
664,,292,3,18,True,0.1265507389548904
342,sqrt,249,29,12,False,0.13563667848633007
540,sqrt,216,20,17,True,0.13641785965221476
250,log2,160,13,5,True,0.13324860743838887
468,,13,48,13,False,0.13002720996758318
99,log2,133,9,7,False,0.13021711041301473
244,log2,87,5,12,False,0.12582287886785606
638,log2,174,10,16,False,0.1284039001671372
663,sqrt,159,12,11,False,0.128958364326894
54,log2,248,8,3,True,0.13139921238354804
765,log2,12,37,7,False,0.1377108705707897
127,,215,47,19,False,0.13002720996758296
625,log2,10,37,20,False,0.13774216068097603
651,sqrt,165,43,8,True,0.14611030587685933
391,log2,147,25,4,False,0.13432184337230593
137,log2,26,27,14,False,0.13549249857994136
35,sqrt,107,24,15,True,0.14257355641779926
603,sqrt,113,22,11,False,0.13292337724087666
784,sqrt,258,39,15,False,0.13839722716598413
621,sqrt,43,37,5,False,0.13774540043590808
77,sqrt,255,26,20,False,0.13627117536729283
475,,192,18,13,False,0.1423982646346001
362,log2,247,43,2,True,0.14600906101435987
396,,214,27,16,False,0.13780092113824946
724,,40,42,6,False,0.1283657277128066
682,log2,160,21,13,False,0.1325927395682881
374,,232,37,6,False,0.13163853219685293
37,log2,107,10,15,True,0.13268687843031268
241,sqrt,70,15,12,False,0.13030649807402647
109,sqrt,198,46,3,False,0.14220202027848236
334,,242,10,15,False,0.14333181652419916
109,,65,15,8,True,0.12712437075339675
217,sqrt,52,5,6,False,0.1253937771952853
773,sqrt,1,13,19,False,0.16338261711422783
702,log2,53,22,18,True,0.1374071044728688
126,,269,44,10,False,0.13002720996758296
281,,192,25,2,False,0.13847423997871874
397,log2,86,40,6,True,0.14487723053341303
401,sqrt,3,46,10,True,0.14779207717201526
503,sqrt,85,31,12,True,0.14202959982632726
677,sqrt,124,16,13,True,0.1341241539228134
25,sqrt,7,21,4,False,0.13740486399982407
624,,43,32,7,True,0.12904597341658883
55,sqrt,246,23,10,True,0.13963359433128578
279,,176,46,17,True,0.1341294196670487
20,log2,28,2,6,True,0.125239139973914
236,sqrt,123,50,10,True,0.14926025677668084
413,log2,288,50,17,True,0.14910315240436833
157,sqrt,261,34,7,False,0.13719537624827113
431,,26,32,13,False,0.13562730216452507
303,,122,20,8,False,0.1407062147958618
152,,87,44,17,False,0.13002720996758302
478,sqrt,34,5,15,True,0.12901742976445849
763,,283,39,3,True,0.13003306241164714
351,log2,241,36,6,False,0.13791683259418938
272,,187,31,20,True,0.1290962857475678
186,log2,180,18,15,True,0.13659161619482502
100,sqrt,246,18,11,False,0.13232538688996184
703,sqrt,25,33,13,True,0.14238528335284642
397,sqrt,1,1,12,True,0.16294439601929453
138,,269,29,7,False,0.13706210477077022
237,,245,9,16,False,0.14688439978179468
361,sqrt,61,8,4,False,0.1267308990370739
138,sqrt,60,15,20,True,0.13443944077555722
731,,233,47,14,True,0.13449141145107113
451,,25,28,6,True,0.12876707633861698
762,,186,34,16,True,0.1291466612750763
337,log2,42,28,4,False,0.13503124165236827
774,log2,216,43,3,True,0.14620952527849215
609,log2,230,3,7,True,0.12630506169146813
772,sqrt,62,15,5,False,0.13013145606791768
280,log2,282,4,3,False,0.12542924826733357
760,sqrt,283,3,17,True,0.1286957137297987
90,log2,126,11,20,False,0.1297586739977648
587,log2,56,49,14,False,0.14164377940387618
83,sqrt,143,5,19,False,0.12926252479141306
26,,2,36,16,True,0.133360735281157
320,,243,17,9,True,0.12782553398559113
423,sqrt,198,39,11,True,0.14442691582628076
675,log2,256,49,5,False,0.14174537311222132
725,,292,19,10,False,0.14201249750676107
776,sqrt,278,42,3,True,0.1456980573024915
179,sqrt,112,36,8,True,0.14525458125494708
659,,124,5,8,False,0.1475159507749216
647,sqrt,74,12,14,True,0.13213823953464712
706,sqrt,190,41,17,False,0.13937772109894733
494,,68,13,2,False,0.141500988317706
408,sqrt,58,31,3,False,0.13624613617822237
338,,83,46,4,True,0.13406082901807928
434,,193,8,3,False,0.14541681403300324
390,log2,241,27,4,False,0.13489527528170886
392,,154,45,14,False,0.1300272099675831
201,,279,30,11,True,0.12888847443562004
667,log2,300,23,6,True,0.13823126006045286
234,log2,176,9,7,True,0.13107663079902473
646,,202,46,6,True,0.13377601067785724
90,sqrt,120,1,2,True,0.1237071112884784
249,log2,243,16,19,False,0.13104170478529437
511,sqrt,256,14,7,False,0.1301822959566449
149,sqrt,250,19,9,False,0.13220347721148093
145,,150,38,10,False,0.13122350889289122
227,,147,33,6,False,0.1338772782768448
719,sqrt,203,42,5,True,0.14568300841054224
92,log2,20,25,12,False,0.1353888487190625
266,log2,222,17,13,True,0.1352939172652025
59,log2,172,16,17,True,0.1354970776312269
276,,139,8,13,False,0.14541681403300327
520,,40,42,11,False,0.12836572771280727
541,log2,28,42,5,False,0.13956925637567175
89,log2,284,39,6,False,0.13964931232197494
176,sqrt,128,28,19,True,0.14260924573924813
334,,159,48,5,False,0.13002720996758302
276,,75,17,6,False,0.14367206223043946
364,sqrt,27,11,13,False,0.12848626774520827
193,sqrt,54,47,16,True,0.14848237905833048
598,log2,187,29,11,True,0.14076660201111432
289,,120,13,6,True,0.12705731493988556
91,,134,34,2,False,0.13364833130116613
446,log2,267,29,10,True,0.14091116468738232
691,sqrt,250,23,5,False,0.13296344169009747
646,,55,37,6,False,0.1316385321968526
726,,14,22,17,True,0.12845754698111386
122,,86,1,9,True,0.12456578094040378
689,sqrt,215,24,12,False,0.13334419217907875
556,sqrt,7,29,2,True,0.14079053709098518
82,log2,218,48,9,False,0.1441574919017069
694,sqrt,179,10,6,True,0.1306854105190377
384,sqrt,230,2,9,True,0.1262966545755648
299,sqrt,269,3,11,False,0.1256435653428583
536,log2,146,17,18,True,0.13512099186786156
755,,63,11,7,True,0.12698898020490607
278,log2,123,3,14,False,0.12731859682907162
239,sqrt,80,12,20,True,0.1326712214414588
618,log2,214,6,5,True,0.12826234463404448
528,,30,17,7,True,0.12788561704863685
59,sqrt,273,47,18,False,0.14415417555985713
490,,269,8,15,False,0.1454168140330033
195,,141,42,10,True,0.13115926156022684
199,sqrt,278,19,17,False,0.13172197914685732
758,sqrt,157,50,19,True,0.14893522877351853
273,sqrt,278,14,11,False,0.12985738190290844
281,,18,6,17,False,0.14287619674651178
328,,2,24,18,False,0.13547032825062968
251,,212,40,17,False,0.13172425044953584
211,sqrt,116,1,14,True,0.127138735263105
499,log2,188,36,13,False,0.13793787097230914
785,log2,20,14,6,True,0.13312678879710813
241,log2,139,16,18,True,0.1347709802165358
274,,268,17,2,True,0.1279254458213072
635,,198,16,5,True,0.12801301193874962
569,,19,19,17,False,0.14201249750676162
452,log2,36,12,7,True,0.1323999945390331
128,,262,16,6,False,0.14298942857838912
560,,102,16,6,False,0.14298942857838914
729,,3,40,15,True,0.13031298683493436
84,sqrt,185,24,7,True,0.14031784045698603
480,log2,185,50,16,False,0.142115166051508
467,log2,122,17,3,False,0.13135202981251207
571,log2,195,7,6,True,0.12863297401812046
763,log2,115,26,7,True,0.13948308638649923
594,log2,154,24,3,True,0.13860199886773625
780,,175,21,4,True,0.12851262825358503
250,sqrt,287,47,9,False,0.1414199512318487
493,sqrt,20,35,8,True,0.14325168972741786
107,,300,23,19,False,0.1394474875862984
193,sqrt,53,19,17,False,0.1318806096033139
68,log2,236,38,6,False,0.14011501954423003
251,log2,280,39,9,True,0.14505268375568628
27,log2,188,9,4,False,0.13199238730007087
153,log2,257,45,12,True,0.1475268491261452
26,log2,63,14,9,False,0.13156330646740422
126,log2,163,11,4,False,0.1289386548467685
492,sqrt,10,37,2,False,0.13789276189280147
10,,151,25,11,True,0.1274463572603255
510,log2,235,38,8,True,0.14442193441074422
223,log2,100,3,12,True,0.12831348373042417
452,,223,4,13,False,0.14799516909842728
688,sqrt,137,3,17,True,0.12889046387038863
407,,,12,18,True,0.12712399753054818
550,,30,40,11,True,0.13020566905461586
191,,20,2,10,True,0.1247724012054917
301,,,43,2,False,0.13002720996758296
150,log2,258,17,15,False,0.13233129912049965
584,log2,214,42,8,False,0.13942995491922594
196,sqrt,153,30,19,False,0.13669455952755127
590,sqrt,77,49,11,False,0.1416766171185482
363,sqrt,161,46,6,False,0.14078883924576496
306,sqrt,279,15,20,True,0.13421781206942038
34,sqrt,36,45,19,False,0.14562387958095593
625,log2,37,38,4,True,0.14418321642729395
673,,252,6,12,False,0.14471485289462163
791,,153,35,8,False,0.1332681286850914
672,log2,103,25,9,False,0.13397231101740104
514,sqrt,50,47,14,True,0.148137219431116
788,sqrt,43,30,13,False,0.1355499909992204
75,sqrt,24,37,20,False,0.13963492090099525
407,,158,26,18,True,0.1286293466937251
684,log2,258,32,5,True,0.14212567687875777
794,,50,11,19,False,0.14314053734635765
707,,282,44,4,True,0.1321785994050049
133,log2,213,44,14,False,0.14065902438140301
678,sqrt,52,6,18,True,0.12936582428975937
445,sqrt,224,2,15,True,0.1279432760293548
237,sqrt,137,41,4,True,0.14576704757734074
318,,276,17,14,False,0.14367206223043943
78,,270,20,4,True,0.1284114097216793
107,log2,218,41,7,True,0.146577169324162
372,,18,4,12,False,0.15060143997541406
568,sqrt,133,31,4,False,0.13624068225561645
726,log2,74,29,17,True,0.1407814519892389
528,log2,48,49,12,True,0.14866469819795516
588,log2,6,43,11,True,0.14598074873539726
489,log2,24,10,19,False,0.1284878417595153
295,log2,211,18,7,True,0.13610267176072474
354,,1,26,4,True,0.14376001413496373
283,,201,2,7,False,0.15706224040344954
23,,41,31,14,True,0.128119930584893
252,log2,17,10,19,True,0.1312664957488571
786,sqrt,211,3,19,False,0.12719274363982322
290,sqrt,138,13,4,False,0.1294433716540626
66,,82,28,5,False,0.1378009211382494
457,sqrt,211,25,19,False,0.13444609873665894
254,log2,112,21,13,False,0.13332673167292813
760,,88,38,8,True,0.12989314307003175
38,sqrt,263,3,13,False,0.13044375447186876
151,log2,,7,19,True,0.13158535251013245
280,sqrt,283,31,6,False,0.1363435162322222
118,,152,47,10,True,0.134613569887889
622,,11,26,12,True,0.12869818410803172
145,sqrt,212,20,12,False,0.1327748323343629
11,log2,161,7,3,False,0.12949833336944575
284,,24,8,20,True,0.12658469054349122
220,log2,211,46,20,False,0.14119626424052883
369,log2,197,23,3,True,0.13828300350047054
350,sqrt,140,11,14,False,0.12856256890086756
122,log2,123,43,5,False,0.1407846381821322
728,,254,16,10,False,0.14298942857838884
270,sqrt,284,49,15,False,0.14193237271946454
231,log2,299,17,2,True,0.13568009070736234
710,sqrt,295,45,5,False,0.14075929775903803
506,log2,173,49,13,True,0.14899406826596198
678,log2,112,6,4,False,0.12618607864171674
774,log2,122,24,10,False,0.1334152673731757
556,,212,13,17,True,0.12741400612994902
538,,118,29,2,True,0.12886167318750133
150,,95,47,11,True,0.1346408369938241
398,,116,9,10,True,0.12634543548750723
172,sqrt,46,36,5,True,0.14542859106965364
20,sqrt,178,14,17,True,0.13871931758615272
309,log2,21,33,6,False,0.1369284956555164
70,,199,38,17,True,0.1300792182558865
754,,261,2,20,True,0.12670882607639644
447,,69,44,17,False,0.13002720996758318
729,log2,41,36,18,False,0.13779740813867483
289,log2,26,37,19,False,0.13791973392995382
517,,112,3,12,True,0.12573303329215638
407,,146,46,12,False,0.13002720996758313
86,sqrt,109,47,10,True,0.14941200655508102
565,log2,167,32,14,False,0.13651685179363302
620,log2,97,42,14,True,0.14564288342099987
409,,100,28,10,True,0.12885066111206156
743,sqrt,196,47,10,False,0.14108818354545488
69,sqrt,175,5,15,True,0.13008425232599874
60,log2,25,37,5,False,0.13997247946600144
519,log2,18,36,3,False,0.137967896666969
412,,170,3,16,False,0.1534125914780394
612,,292,10,12,False,0.14333181652419918
307,log2,57,9,3,True,0.13085654823129547
156,,293,19,10,True,0.12847543403765804
793,,291,45,16,False,0.13002720996758224
227,log2,265,39,19,False,0.13847108973582825
277,log2,28,14,8,False,0.1299101424695028
23,sqrt,97,31,12,True,0.14768790593189335
456,,43,48,14,True,0.13539500223844161
119,sqrt,225,14,19,False,0.1300611229853997
128,log2,51,4,16,False,0.1267397811546299
527,log2,298,50,5,True,0.14903302556593537
422,,101,44,20,False,0.1300272099675832
328,,237,45,11,False,0.130027209967583
493,sqrt,209,22,7,True,0.1376669215892252
298,sqrt,125,35,13,False,0.13747275185569932
346,log2,168,12,5,False,0.12929532073118835
379,sqrt,170,2,13,False,0.12551848190915738
39,log2,26,47,9,False,0.14581869307908416
549,,103,44,9,False,0.1300272099675832
79,,188,14,6,False,0.14164123956142963
235,log2,58,9,5,False,0.12839938668129933
46,log2,284,36,14,True,0.1479480964050783
359,,95,8,14,True,0.12645883315698778
484,sqrt,220,20,17,True,0.1365623207770062
8,,106,50,17,False,0.13002720996758282
423,log2,254,13,12,True,0.13281895596776852
762,log2,56,40,11,True,0.14488348568979184
313,,113,25,6,True,0.12847753695971528
590,log2,9,30,2,False,0.13567661389038843
94,log2,236,32,20,False,0.1364176992172056
262,log2,14,7,8,True,0.12872377535558208
561,,38,26,14,False,0.13780092113824927
186,log2,273,32,8,False,0.1372341613001702
609,,262,22,2,True,0.12836961454651488
715,sqrt,115,3,6,False,0.12456618986751535
423,log2,115,23,9,True,0.1381969803240091
541,sqrt,68,11,12,True,0.13175918825544577
564,log2,124,8,16,False,0.1270096350435673
21,sqrt,205,41,14,False,0.14438754760014313
58,sqrt,272,33,3,True,0.1464270088654519
251,sqrt,252,7,11,False,0.12667042110034932
7,log2,123,12,8,True,0.1384597989221402
450,sqrt,78,6,9,True,0.1281924367726611
337,log2,279,49,15,True,0.14883112239594753
417,sqrt,162,48,11,False,0.1413232210514741
623,log2,9,23,7,True,0.13815885953434018
641,sqrt,70,43,2,True,0.14611274714193542
324,log2,204,15,7,False,0.13024623061515617
225,log2,145,49,7,True,0.14854270628521796
357,sqrt,233,9,8,True,0.13075275722234686
18,,249,39,14,False,0.13122350889289106
753,log2,203,25,19,False,0.13383995203838825
768,,71,23,20,True,0.12851220975317337
543,log2,110,18,7,True,0.1356652947792529
715,log2,114,13,16,True,0.13256545121674432
56,,244,4,7,True,0.12362101560158541
470,log2,187,37,2,True,0.1440104095487433
96,log2,235,6,12,False,0.1267179711452267
117,sqrt,170,30,18,True,0.143568086033822
702,sqrt,273,33,13,True,0.14237161232788986
785,,84,30,19,False,0.13410823433014252
699,log2,227,20,10,True,0.13623394870892067
244,sqrt,153,23,12,True,0.13870638014650175
369,sqrt,221,9,18,True,0.13070057751323647
476,log2,253,23,11,True,0.13820114349867885
17,sqrt,118,7,10,False,0.1299241268449055
249,log2,255,34,5,True,0.1436994033496174
398,,288,1,14,True,0.12574619174335558
602,log2,271,6,19,True,0.13010672094055398
392,sqrt,197,9,15,True,0.13058484924721978
733,sqrt,251,39,2,False,0.13847461278023085
515,log2,283,14,3,True,0.1335079892313127
10,,48,45,2,False,0.13002720996758282
570,,251,50,19,False,0.13002720996758318
597,log2,100,45,12,True,0.14684635145737981
541,log2,148,40,13,True,0.14485593003158728
304,,194,47,17,False,0.13002720996758296
93,,32,39,19,False,0.1312235088928911
701,,219,32,17,True,0.12910773236089218
786,sqrt,251,27,8,False,0.13458796085743535
322,sqrt,173,6,20,False,0.1277277240607655
634,log2,186,41,7,False,0.13956863885209658
438,log2,298,19,14,True,0.13605666407111228
217,,270,48,19,True,0.1353366625609277
84,sqrt,231,10,7,False,0.1292611489139761
613,sqrt,299,31,15,True,0.14194102968798128
677,log2,180,9,13,False,0.12800904205490057
447,log2,183,28,5,True,0.14052832356525613
678,log2,168,10,6,False,0.12825182746014263
413,sqrt,86,15,15,True,0.13422596211294838
145,sqrt,93,16,5,False,0.13166120963289693
507,log2,272,40,16,True,0.14526372303986781
12,sqrt,187,45,12,True,0.1551138217565449
756,sqrt,76,18,12,True,0.13533004501914314
61,,8,37,13,False,0.1316385321968526
246,sqrt,265,17,11,False,0.131282666665177
249,,293,26,13,True,0.1285786849759836
579,sqrt,292,31,9,False,0.13613678318643654
258,,196,17,6,False,0.14367206223043946
420,,56,45,8,True,0.13312352780628509
81,,115,35,17,False,0.13326812868509083
148,sqrt,258,19,5,True,0.1367335540158355
564,sqrt,79,16,12,True,0.1342368618509073
377,,5,32,11,False,0.13562730216452515
521,log2,287,10,2,False,0.12844197107684518
327,sqrt,226,44,4,True,0.1466132990608904
748,sqrt,289,26,2,False,0.13428257877361263
393,,147,26,11,True,0.12858541008484972
520,log2,,44,12,True,0.1467420391214691
238,log2,160,7,2,False,0.12667904027902965
632,log2,178,48,5,False,0.14152180098153358
728,sqrt,260,13,4,True,0.13258571528936935
616,sqrt,235,4,2,False,0.12470723008952471
722,,268,29,7,True,0.12892645629916358
427,sqrt,186,14,15,False,0.13007683832854242
209,,65,18,6,True,0.12794720730736267
286,sqrt,225,9,11,False,0.1281586271092783
371,log2,141,28,20,False,0.13488231688805088
753,,80,19,18,True,0.12832066303999945
625,log2,179,50,8,True,0.1489269660823617
119,log2,252,10,11,True,0.13184157675497307
627,log2,211,10,6,False,0.12841697974870556
581,log2,290,30,20,False,0.1356494094492223
452,,263,30,17,True,0.12896857564568284
515,sqrt,158,45,4,False,0.1408374331070856
721,,43,49,8,False,0.13002720996758246
172,sqrt,27,18,8,True,0.13652423316804352
212,,72,10,16,True,0.1265843981634919
411,,17,1,7,False,0.16343664486367313
769,,13,13,11,True,0.12741327190183802
433,sqrt,72,17,20,False,0.13128839579047105
797,,86,20,14,True,0.12837131378527306
584,,196,6,18,True,0.12670597296559008
263,log2,183,14,17,True,0.13355039027323187
91,,139,36,16,False,0.13136924173380687
666,sqrt,93,14,9,True,0.13328889259611487
360,log2,97,13,16,True,0.13295620755945262
669,sqrt,176,10,16,False,0.1283028959256605
81,log2,184,2,4,False,0.12484523066492614
277,,19,43,12,False,0.13002720996758294
666,,21,28,15,True,0.1288582822420721
123,,199,11,7,True,0.12710718190221765
171,log2,223,40,2,False,0.13985861703633154
695,log2,38,35,10,False,0.13737451012480503
50,sqrt,72,35,7,False,0.13889083292725993
383,sqrt,232,27,20,True,0.140463285289941
211,sqrt,55,4,9,True,0.127642830645569
322,log2,87,7,17,False,0.12675673133393642
469,sqrt,132,50,5,True,0.14924915147464043
222,,69,36,17,True,0.1294703247721846
746,sqrt,149,28,3,False,0.13466097288291434
73,log2,230,28,16,True,0.1430418374874427
266,sqrt,89,5,6,False,0.12521869676118777
730,,277,37,20,True,0.12963798385197658
513,sqrt,147,28,11,True,0.14057308501258278
230,,86,18,10,False,0.14239826463460015
705,sqrt,186,7,6,False,0.12682181394351008
714,,86,45,5,False,0.13002720996758255
185,,33,44,6,True,0.13226970963563792
90,log2,196,49,3,True,0.1497210111069737
562,log2,103,39,11,True,0.14450341161811261
710,log2,128,35,16,True,0.1431443421463686
792,log2,73,49,11,False,0.14181055609303375
451,sqrt,293,33,12,False,0.13695658582171863
271,log2,298,38,12,True,0.14449106647018764
15,,135,31,9,False,0.13391047200014214
597,,187,31,12,True,0.1289772564391988
761,log2,125,34,20,True,0.14289977601977447
712,,36,29,12,False,0.13706210477076997
61,log2,47,7,10,True,0.1294965973824094
780,sqrt,98,21,10,True,0.13666865570777506
341,,64,16,5,True,0.1279737064529604
18,sqrt,192,46,3,False,0.14718456705870914
708,,93,3,3,True,0.12350295103802737
499,sqrt,255,31,9,False,0.13634435255736901
711,sqrt,43,20,15,False,0.13229827599424213
192,sqrt,55,48,15,False,0.1425019408098312
70,sqrt,196,37,8,False,0.13938189114088242
627,log2,297,41,13,True,0.1453706954996383
147,log2,61,8,4,False,0.12741857211085986
262,sqrt,219,31,17,False,0.1362777907241247
324,log2,182,20,2,False,0.13243564614407075
685,log2,214,41,6,True,0.14513763493996093
93,sqrt,258,9,13,False,0.13048186223508348
384,log2,161,9,7,False,0.1279961588902845
537,log2,116,50,19,True,0.14885229652919763
398,log2,76,14,19,False,0.12983963674860324
571,,45,16,17,True,0.12802746613186392
395,log2,165,33,15,True,0.14234015475851144
779,sqrt,93,15,4,False,0.13009536847228334
590,log2,171,19,7,True,0.13599191877403455
38,log2,25,5,14,False,0.128821725964245
272,,234,24,13,False,0.13944748758629832
768,sqrt,234,48,14,False,0.14154537591830965
17,log2,45,32,3,True,0.15108021232825972
6,log2,264,49,7,False,0.1518727610880928
127,sqrt,97,29,11,False,0.1360588077944292
568,log2,164,37,16,True,0.14380163063977305
774,log2,213,19,10,False,0.13173477619900295
572,,161,46,12,True,0.1337725427777192
196,log2,292,45,13,True,0.14750480560999904
427,log2,18,42,3,False,0.1394515997680939
31,,17,6,5,True,0.12557812154604142
799,sqrt,238,49,17,False,0.1417294926410689
483,,114,6,6,False,0.14471485289462185
653,,40,5,2,True,0.12478766667031922
555,log2,190,43,14,True,0.14605811877257455
332,sqrt,24,48,4,False,0.14158360310485624
280,sqrt,260,40,19,False,0.138944249844876
591,log2,217,5,8,False,0.1254500302637145
676,sqrt,46,14,4,False,0.1297492787757921
520,log2,163,31,3,False,0.13630516998862496
412,log2,117,8,10,True,0.1297514790008882
679,,171,41,5,False,0.12836572771280677
77,sqrt,12,24,12,True,0.14056127142207422
295,log2,250,32,11,False,0.13627852912020777
14,sqrt,220,43,4,True,0.15582844530043327
193,sqrt,260,3,18,True,0.1294957266058145
6,,2,23,13,True,0.13392113759257232
684,sqrt,50,38,4,True,0.1439975909411408
581,log2,92,19,11,True,0.1359480348207648
393,sqrt,16,31,19,True,0.14166278780588862
101,sqrt,31,10,13,True,0.13140404149259263
687,,101,18,18,False,0.14239826463459973
103,,181,1,17,False,0.15309733206483675
250,,279,47,8,True,0.13476283245950602
215,sqrt,96,45,8,False,0.14103606862840848
657,log2,256,49,4,True,0.14864160521257072
282,log2,75,16,15,True,0.13465807200909724
781,sqrt,134,36,20,False,0.1377094564050626
59,sqrt,247,9,17,False,0.13135710638929343
325,,182,16,11,True,0.12793577205790982
630,log2,147,43,15,True,0.1462224757615345
560,log2,117,32,2,False,0.13651383673031212
193,sqrt,113,2,14,True,0.12715901220837703
281,,192,29,9,False,0.13706210477077024
254,sqrt,273,44,12,False,0.14051437236506767
634,log2,168,20,14,False,0.13241207905962774
713,sqrt,90,42,6,False,0.13952906616274183
608,sqrt,113,44,4,False,0.14026612820348192
333,log2,138,13,15,True,0.13303065678586787
259,,199,15,19,True,0.12761966006145684
484,log2,298,32,17,False,0.1366183697172159
340,sqrt,283,37,12,False,0.13792605528753554
222,,144,23,12,False,0.13944748758629835
143,log2,63,15,14,True,0.13446366519813419
748,sqrt,24,23,6,False,0.13293116142408223
59,sqrt,87,27,8,True,0.1427680389407039
355,,21,44,14,False,0.13002720996758307
382,log2,101,44,11,True,0.14644122675570811
198,,148,9,11,True,0.12650216094169284
401,sqrt,240,35,7,True,0.14310671223667082
428,,114,2,10,False,0.15712004392959986
474,sqrt,7,40,15,True,0.1451029604608347
217,sqrt,27,41,15,True,0.1455526416307187
129,sqrt,206,15,3,True,0.13418299346965995
193,sqrt,267,44,17,False,0.14117635307637907
684,sqrt,72,29,11,True,0.14073903572801877
434,,7,31,12,False,0.13391047200014194
510,sqrt,47,10,6,False,0.12845996131043244
485,log2,89,29,10,False,0.13556520830780397
433,log2,16,30,3,False,0.1357467234238819
235,sqrt,121,18,17,True,0.13627152138501417
191,sqrt,179,20,10,True,0.13717047877106947
579,sqrt,148,31,5,True,0.14175537267514257
315,,52,9,12,True,0.12619104163004877
549,,125,44,14,True,0.1321688388454547
479,,49,42,9,False,0.1283657277128071
31,log2,121,2,19,False,0.13083782254719478
789,,211,13,9,True,0.12748525155663393
107,log2,99,9,4,False,0.13039579215771244
427,,125,42,12,True,0.1310851495442479
697,,31,36,12,False,0.13136924173380693
694,,85,14,16,False,0.14164123956142963
497,sqrt,74,19,7,True,0.13612103566356712
521,log2,53,19,13,True,0.13608019171624253
292,log2,205,9,19,False,0.12773505861918358
459,,281,13,17,True,0.12722906372407347
389,sqrt,186,4,16,False,0.12721549716443503
321,,253,45,13,True,0.13327746306692267
244,,281,9,10,False,0.1468843997817947
687,sqrt,242,35,10,False,0.1373435207439496
745,,99,25,6,True,0.12866334153439093
178,sqrt,264,21,19,False,0.13372574509662075
492,,12,2,12,False,0.15616247500764965
747,sqrt,116,1,18,False,0.12712421435663135
624,,188,48,16,True,0.13520929441183627
725,,126,5,15,True,0.12620006314017365
181,sqrt,52,36,2,True,0.14518111736475225
268,sqrt,272,37,3,True,0.1443023768334395
425,,140,32,10,False,0.1356273021645251
786,,192,10,16,False,0.1433318165241986
200,sqrt,90,34,16,False,0.1375152557288535
443,log2,186,45,20,True,0.14703090347460032
458,sqrt,236,30,6,False,0.13581306876588042
639,,203,26,4,True,0.1287338416104015
467,sqrt,179,10,12,True,0.1309078258662663
448,sqrt,131,11,16,False,0.12866745245263878
49,log2,152,12,13,True,0.13357254515783193
782,,154,40,3,False,0.13172425044953573
548,log2,9,32,11,True,0.14220768666771114
422,sqrt,197,4,9,False,0.12576222354536354
430,,153,31,4,True,0.12909122017479038
536,log2,143,40,16,True,0.14487154627012552
501,log2,160,30,18,True,0.1416453273158502
35,,239,35,4,False,0.13326812868509086
249,sqrt,251,20,4,False,0.13246919357880724
161,sqrt,140,10,11,True,0.13126804367566342
5,log2,136,27,18,True,0.14905932421982673
472,sqrt,122,30,17,False,0.13586584310489416
360,log2,298,14,13,False,0.12984172202961514
736,sqrt,290,10,11,False,0.12821230732187036
703,sqrt,70,24,14,False,0.13335331545029894
86,,69,12,4,False,0.1417291860993905
761,log2,230,37,9,True,0.14394575354431946
418,,55,37,10,True,0.12962238665813916
225,sqrt,16,9,9,False,0.12857740477349291
102,,28,10,8,False,0.14333181652419894
733,,271,31,6,False,0.13391047200014186
30,log2,159,36,7,False,0.13995935656726377
257,,20,48,8,True,0.13538728697007898
153,sqrt,162,27,3,True,0.14139852116744805
444,sqrt,204,15,5,False,0.13043766539521368
687,sqrt,87,43,4,False,0.13978872254239827
774,log2,206,27,15,False,0.13465833947218028
8,log2,115,24,11,True,0.14617853149285046
584,log2,290,7,17,False,0.12690122918338592
261,log2,169,42,9,False,0.13955060474708356
354,,234,44,4,True,0.13219455562402457
792,,77,37,19,True,0.12965864210311
277,log2,120,28,11,False,0.135185192846593
479,,233,1,3,False,0.16561089112254532
703,sqrt,184,7,13,False,0.12681191666049405
576,log2,287,11,8,True,0.13172818661554925
367,,250,43,5,False,0.13002720996758313
453,log2,160,6,11,False,0.1261978433842629
431,,82,42,19,True,0.1310821208101648
236,sqrt,156,35,12,False,0.13759530263950231
241,log2,194,22,20,True,0.13807506117497784
354,log2,42,34,19,True,0.1429980561435359
758,log2,7,22,17,False,0.13272591036040424
615,sqrt,217,12,4,True,0.1321844377250866
131,,100,25,4,False,0.13847423997871877
268,log2,63,13,11,True,0.13295584394705542
617,log2,300,33,13,True,0.14256716495639346
210,sqrt,175,7,4,False,0.12689426915357335
234,,96,11,14,False,0.14314053734635832
729,sqrt,114,47,14,True,0.14795964039774367
259,sqrt,135,16,2,False,0.13092542984351865
624,,175,22,15,True,0.12838459270240946
449,log2,203,30,13,False,0.135788316447041
312,,164,48,11,True,0.13543366954558875
22,sqrt,61,17,18,False,0.13491476706372288
527,sqrt,78,12,8,False,0.1291578474727716
177,log2,69,5,12,True,0.12772623595051216
390,log2,32,13,6,False,0.1294659520016708
207,log2,136,9,18,True,0.13062283934957708
185,,73,28,12,True,0.1290589606395288
10,,1,36,16,False,0.1449024769017965
291,log2,126,18,14,False,0.1316206446099534
781,log2,185,8,16,False,0.12709226902378748
363,log2,189,24,9,True,0.13884182831479822
63,log2,176,37,16,False,0.13994826877520186
535,,33,29,11,False,0.13706210477077016
174,,203,14,2,True,0.12713135285127
694,sqrt,77,9,11,True,0.13022461397726323
692,sqrt,297,2,19,True,0.1294274446377108
390,log2,22,17,18,False,0.13118633072068897
723,,115,34,9,False,0.13364833130116616
332,sqrt,119,42,6,False,0.13978477598750674
313,,84,40,3,True,0.13035062175512932
202,log2,20,9,20,False,0.1279934235150799
305,,30,6,12,True,0.12519276190489984
344,,82,34,10,False,0.13364833130116613
581,log2,159,29,4,True,0.14071866443551048
257,,185,33,6,False,0.1338772782768448
551,,204,13,7,True,0.12738847797291247
695,sqrt,55,19,17,False,0.1315883615601998
681,log2,103,7,20,False,0.1279254379405443
297,,7,34,11,False,0.1336483313011662
720,sqrt,252,29,14,False,0.13538841157136858
40,sqrt,68,37,2,True,0.1494357634467666
19,sqrt,259,9,15,True,0.13592786109817476
196,log2,168,7,15,False,0.1272977808229986
700,log2,1,8,3,True,0.16265279203058583
539,log2,225,37,20,False,0.13776281019249556
795,,193,18,12,True,0.1282453811174594
679,sqrt,231,47,18,False,0.14086236224074586
117,sqrt,116,2,7,True,0.12608811073580287
620,sqrt,46,12,2,False,0.12898698872960776
454,sqrt,246,46,16,False,0.1410894508846875
10,,229,42,10,False,0.12836572771280644
366,log2,299,28,2,True,0.14073488464459627
407,log2,296,29,20,True,0.14098014857116836
617,,112,17,17,True,0.1279611390674195
412,sqrt,143,24,7,True,0.1387435791391215
326,,7,4,4,False,0.15613451252401192
82,sqrt,39,35,6,False,0.1387067731725901
375,log2,44,38,9,True,0.14403918158208204
653,,73,42,8,False,0.128365727712807
271,sqrt,127,43,5,False,0.14006728740920538
281,log2,156,42,5,False,0.13981783630355313
295,,280,8,6,True,0.12628357552964067
158,sqrt,286,29,8,True,0.14255705802556504
615,,116,2,13,True,0.12557547476446076
344,,20,8,6,True,0.1264542294687723
550,,86,40,8,False,0.13172425044953626
584,,14,1,11,False,0.161051276929821
400,log2,289,32,16,False,0.1363994416426159
444,sqrt,30,5,13,False,0.1269095365864612
94,log2,4,45,3,True,0.1476638217505486
334,sqrt,151,32,10,True,0.14280475709333992
491,log2,7,31,8,True,0.14199367061262333
569,log2,80,41,9,True,0.14521674209619193
98,sqrt,62,46,9,False,0.14196540933815716
546,sqrt,261,10,5,True,0.13092876273725154
455,log2,73,15,6,False,0.13045466097499522
564,sqrt,294,34,5,True,0.14282531887755076
40,,96,33,19,False,0.13387727827684495
51,sqrt,252,12,17,False,0.13074442720150042
465,log2,86,48,19,False,0.14150273433190738
110,log2,41,37,12,True,0.14533197715074841
446,,47,50,12,True,0.1362947713782656
124,log2,256,3,8,False,0.12628068029146053
163,log2,291,40,5,True,0.1460581605483567
254,,179,2,13,True,0.1252873341257767
491,log2,199,47,18,False,0.14112457992612146
372,log2,133,39,2,False,0.13840060772863935
487,log2,12,7,20,False,0.12795975807727789
36,sqrt,113,30,17,False,0.13922658478109384
702,sqrt,76,44,19,True,0.14643577548177214
693,sqrt,28,12,19,True,0.13201075403365797
446,log2,75,2,7,False,0.12450450381081417
781,sqrt,261,10,15,False,0.12816461901823753
376,,50,11,4,False,0.14314053734635854
739,,100,50,16,False,0.13002720996758246
269,sqrt,275,38,9,True,0.14438338661270855
122,sqrt,297,28,13,True,0.14210000179910443
169,sqrt,24,41,16,False,0.14054718727048313
670,,263,36,2,True,0.129502439443791
215,,86,44,4,True,0.13229120731197805
535,log2,210,46,19,False,0.14084206286336856
665,,4,27,16,False,0.13782433337475075
580,log2,125,12,18,False,0.1290155083837683
729,,180,13,14,False,0.1415009883177057
121,sqrt,160,29,2,False,0.13656172947513848
42,,153,21,12,False,0.1395533167519529
192,sqrt,46,3,10,True,0.12734798037809178
538,,111,23,16,True,0.12833920593746986
301,log2,111,25,19,False,0.13444853415574173
433,log2,120,19,17,False,0.13182296273402108
51,log2,116,20,9,True,0.13703899174585157
225,log2,125,27,8,False,0.135243736484734
310,log2,276,23,4,False,0.13356589731803095
417,,270,44,3,False,0.13002720996758318
723,sqrt,103,50,9,True,0.14897443972763344
737,sqrt,,22,2,True,0.1374074508829578
331,log2,118,48,2,False,0.14157670162567595
471,log2,128,6,8,False,0.12627929001340218
435,sqrt,219,24,2,False,0.13388765248204756
762,sqrt,54,3,15,False,0.12690982180223356
796,log2,67,41,12,False,0.1392971469501767
500,log2,203,44,5,False,0.1403513823588127
243,sqrt,108,39,10,True,0.14495819148655056
654,sqrt,33,36,7,True,0.14354572895179635
575,,35,18,12,True,0.12819803291291432
466,,298,41,11,False,0.1283657277128071
44,sqrt,118,24,16,True,0.14123321976371425
476,,94,14,18,True,0.1273058430322951
594,log2,189,24,11,True,0.13860199886773625
305,log2,137,32,15,False,0.13644670884993584
11,sqrt,174,36,19,False,0.142406774297496
117,,85,50,20,False,0.13002720996758296
174,sqrt,137,47,6,False,0.14255447969846344
63,sqrt,280,17,18,False,0.1336172510555198
331,,171,26,5,False,0.13780092113824943
271,,130,12,11,False,0.1417291860993907
231,sqrt,28,48,4,False,0.14175220272894554
457,log2,72,36,15,True,0.14376985924536448
471,,248,26,2,False,0.1378009211382494
467,,59,49,9,False,0.13002720996758318
163,,236,39,7,False,0.13122350889289122
739,,298,26,2,False,0.1378009211382489
709,,267,17,14,True,0.12790023090325783
265,log2,130,42,17,False,0.13957747518054617
567,,221,16,20,True,0.12805069412743394
258,sqrt,136,36,4,False,0.13798698426847272
253,log2,237,41,7,False,0.13966945719218168
54,log2,267,27,20,True,0.14247017492966443
48,log2,266,10,20,False,0.130921412598438
630,sqrt,35,46,3,False,0.14104602960109638
301,sqrt,62,23,3,True,0.13874529487558518
762,log2,11,48,9,False,0.14149365106303088
81,log2,163,20,2,True,0.13699011949197115
85,log2,160,47,7,False,0.1431933773931581
575,,122,18,16,True,0.12819803291291432
158,sqrt,157,13,8,True,0.1332118910918192
204,sqrt,92,5,18,True,0.12926422487417047
70,log2,191,10,4,False,0.12973591660524275
556,log2,55,29,9,True,0.14079053709098518
315,log2,57,19,16,False,0.13171803727965367
446,log2,38,31,18,True,0.1418824771203191
295,log2,4,43,15,True,0.14618472284227982
160,sqrt,182,11,14,True,0.13182749718220202
118,sqrt,9,7,15,False,0.12750366621505663
491,log2,141,40,19,True,0.14522927529381854
97,log2,46,16,6,False,0.13165596389427395
372,log2,247,38,19,False,0.13805833039783655
534,sqrt,208,42,13,True,0.14568898561310195
345,sqrt,237,30,4,True,0.14213363114332744
351,sqrt,18,32,16,False,0.13654337121407456
430,sqrt,249,41,10,False,0.1394472812693657
8,sqrt,26,25,14,False,0.14199641284337403
474,,59,40,16,True,0.1302803736526967
785,,14,3,17,True,0.12655891528682703
484,log2,130,34,9,True,0.14301045743446916
91,sqrt,22,18,8,False,0.1329260329894313
80,log2,24,32,18,False,0.13712998150829878
719,sqrt,121,49,16,True,0.14852244771698644
635,,295,3,11,True,0.12521586581521735
403,sqrt,47,22,3,True,0.1376723152276262
794,log2,176,1,17,True,0.12863795853580115
460,log2,168,31,6,False,0.13644485475426008
683,sqrt,270,46,3,True,0.14726891961575744
373,,153,38,12,True,0.12992579976369853
618,sqrt,114,12,8,True,0.13219486008608886
128,log2,119,34,3,True,0.1434224827977317
693,sqrt,263,39,8,False,0.1383578951786645
119,log2,224,16,7,True,0.13484741375193302
341,log2,212,40,8,False,0.1389665358057538
108,log2,6,26,19,True,0.14099759297578948
458,sqrt,219,10,10,False,0.1284715308254869
599,log2,72,41,7,False,0.1394105354898561
144,sqrt,268,48,19,True,0.14873679857489044
67,sqrt,35,5,3,False,0.12661314622882477
631,sqrt,118,29,4,False,0.13548684637255845
672,,235,6,7,False,0.14471485289462166
497,log2,131,18,11,True,0.13565058003342176
178,,33,50,16,True,0.13639657785863235
630,sqrt,222,33,20,True,0.14269334861826297
679,log2,78,32,16,False,0.13631522698509044
789,log2,67,40,2,True,0.14486031977289093
462,,205,12,2,True,0.12716586601130406
549,sqrt,140,13,18,True,0.13277879004303997
75,sqrt,296,29,8,True,0.14391797324240962
291,sqrt,203,43,17,False,0.14006096035485846
138,,204,27,17,True,0.12919621629254527
701,sqrt,128,16,11,True,0.13402889460218825
52,,241,48,15,True,0.13503103534109842
299,log2,241,46,18,True,0.14754544882549828
600,sqrt,177,36,19,False,0.13773353104946037
233,log2,18,6,14,True,0.12921958186140795
399,,55,9,15,False,0.14688439978179468
108,log2,167,7,7,False,0.126956416626287
206,,294,17,3,False,0.1436720622304394
8,sqrt,266,24,12,True,0.14617853149285046
522,,39,31,16,True,0.12897159808864217
93,sqrt,292,40,9,True,0.14604268900941383
149,,290,46,5,True,0.1338894041007227
447,,278,8,11,False,0.14541681403300324
747,sqrt,92,21,17,True,0.1366994268100614
345,,236,46,4,True,0.13396786347093512
418,sqrt,103,21,11,True,0.13701759205904482
515,sqrt,28,9,18,False,0.12821504732926328
325,sqrt,,37,8,True,0.14434339756197723
294,sqrt,45,9,11,True,0.13097091269275316
587,sqrt,92,48,9,False,0.14126184944331086
678,log2,278,35,14,True,0.14304293074206678
107,,34,9,8,True,0.12631758549022623
607,,258,26,9,False,0.13780092113824907
715,log2,280,45,19,False,0.14080355055203198
317,,170,28,12,True,0.12882740452449384
492,sqrt,161,3,19,True,0.12913658178834833
137,sqrt,48,42,20,False,0.1406821649971872
732,log2,56,1,14,True,0.1276592851345141
557,log2,29,9,19,False,0.12793631422586124
677,log2,229,5,20,True,0.13016867661449638
14,log2,183,18,13,False,0.1362596164740287
675,log2,145,18,9,False,0.13127154535123317
167,log2,290,39,4,True,0.14579193318281108
195,sqrt,52,18,9,True,0.1363967568563588
293,,262,8,4,True,0.12627822342145192
592,log2,226,17,11,True,0.13506292292572022
781,sqrt,289,37,2,False,0.13765645120744593
45,log2,191,27,2,False,0.13785708985194822
647,sqrt,261,11,15,True,0.1316552187126663
135,log2,146,36,18,True,0.14482915274054006
606,sqrt,67,1,19,False,0.1272769309577214
761,log2,6,14,5,False,0.1303522138649418
663,,242,27,4,True,0.12873079623292696
210,sqrt,149,23,6,True,0.13872156937304758
398,log2,20,7,12,True,0.12871539802885712
180,sqrt,291,3,12,False,0.12775066815977454
707,sqrt,251,3,16,True,0.1286240476362354
787,sqrt,120,47,17,False,0.14102569045067895
703,log2,157,6,20,False,0.12784182108902867
46,,54,29,17,True,0.12923543751636538
525,sqrt,232,11,11,True,0.13174615833249845
313,sqrt,230,13,16,False,0.12954191899114653
80,,280,28,9,True,0.12917332735130835
65,log2,228,47,6,True,0.14899717237607013
287,,75,35,11,False,0.1332681286850908
183,log2,47,16,6,True,0.1347964075943858
707,sqrt,224,7,3,False,0.12683696782979426
695,sqrt,299,12,11,False,0.12894216782206433
565,,37,48,15,True,0.1352110303356899
128,log2,246,47,14,False,0.1416724483891697
422,,38,34,12,True,0.12915663579179912
213,sqrt,100,8,9,False,0.1270308787521138
515,log2,117,3,9,False,0.12535492237791182
293,sqrt,247,49,8,False,0.14191533087631736
597,log2,266,47,18,True,0.14769014864663835
743,log2,247,50,9,False,0.14209405505354678
571,log2,70,3,18,True,0.12894875348476262
297,log2,197,7,16,True,0.1295665767971654
31,log2,267,9,17,True,0.13356462596387977
36,log2,208,25,4,False,0.13792040358889665
538,log2,43,38,2,True,0.14401891192939612
179,,253,41,13,False,0.12836572771280652
67,sqrt,231,36,8,True,0.14616976750713828
560,,272,49,2,False,0.1300272099675832
10,sqrt,199,42,6,False,0.1481885525814014
337,,262,49,2,False,0.13002720996758307
355,,206,45,3,False,0.13002720996758307
116,sqrt,230,16,14,False,0.13207725291125194
169,,49,9,7,False,0.1468843997817948
60,log2,6,47,12,False,0.14396887051184556
213,log2,54,15,10,True,0.13435003119857147
200,log2,282,25,9,False,0.1351737865933771
611,,154,16,3,True,0.12800051309838054
213,log2,240,19,5,False,0.1315945591857716
271,,113,2,2,True,0.12176254010610615
677,,157,3,12,True,0.12535638258522083
681,sqrt,296,1,6,True,0.12516016022119794
537,,129,43,4,True,0.13149682116560957
