criterion,splitter,min_samples_split,min_samples_leaf,ccp_alpha,max_depth,Error-
poisson,random,1000,92422430138074.2
squared_error,random,10,92422430138074.2
friedman_mse,random,1,92554932170839.33
absolute_error,best,1,88334329843394.9
poisson,best,1000,90989683744067.61
friedman_mse,best,1000,92422430138074.2
friedman_mse,best,1,92422430138074.2
squared_error,best,1000,92422430138074.2
absolute_error,best,100,88334329843394.9
poisson,random,10,92422430138074.2
friedman_mse,best,1,92422430138074.2
poisson,random,1,92422430138074.2
squared_error,best,1000,92422430138074.2
absolute_error,best,100,88334329843394.9
absolute_error,best,10000,88334329843394.9
poisson,random,10,92422430138074.2
poisson,best,1000,92422430138074.2
squared_error,best,10000,92422430138074.2
absolute_error,best,10000,88334329843394.9
absolute_error,random,10000,88334329843394.9
friedman_mse,random,1000,92422430138074.2
poisson,best,1000,94097594700628.98
friedman_mse,best,100,92422430138074.2
squared_error,random,1,92422430138074.2
friedman_mse,random,10,92422430138074.2
absolute_error,random,100,94583553269743.05
squared_error,random,10,97539050892843.83
poisson,random,1,92422430138074.2
poisson,random,10000,92422430138074.2
squared_error,random,10000,92422430138074.2
absolute_error,random,1000,88334329843394.9
absolute_error,random,10000,88334329843394.9
poisson,random,10000,92422430138074.2
squared_error,best,10,92422430138074.2
squared_error,random,1000,92422430138074.2
squared_error,random,1,95089014335071.36
friedman_mse,best,100,92422430138074.2
absolute_error,random,1000,88334329843394.9
friedman_mse,best,10000,92422430138074.2
poisson,random,100,92422430138074.2
squared_error,best,1,92422430138074.2
squared_error,best,10000,92422430138074.2
poisson,best,10,92422430138074.2
absolute_error,best,10000,88334329843394.9
friedman_mse,best,100,92422430138074.2
squared_error,random,10,92422430138074.2
absolute_error,random,10,88334329843394.9
absolute_error,random,1,88334329843394.9
friedman_mse,best,10,92422430138074.2
poisson,best,1,92422430138074.2
squared_error,random,10000,92422430138074.2
friedman_mse,best,10000,92422430138074.2
absolute_error,random,1,88334329843394.9
poisson,random,1000,92422430138074.2
squared_error,best,1,92422430138074.2
friedman_mse,random,10,92422430138074.2
poisson,random,10000,92422430138074.2
friedman_mse,best,1000,92422430138074.2
poisson,random,1,92422430138074.2
absolute_error,best,100,88334329843394.9
absolute_error,best,10000,88334329843394.9
squared_error,random,10000,92422430138074.2
absolute_error,best,10000,88334329843394.9
squared_error,best,1,92422430138074.2
squared_error,random,1000,92422430138074.2
absolute_error,best,1000,88334329843394.9
absolute_error,best,1000,88334329843394.9
squared_error,random,10000,92422430138074.2
squared_error,random,100,92422430138074.2
squared_error,random,10000,92422430138074.2
squared_error,best,10000,92422430138074.2
squared_error,best,100,92422430138074.2
friedman_mse,best,100,85379048332653.0
poisson,random,10,92422430138074.2
absolute_error,best,10000,88334329843394.9
squared_error,random,10000,98917831459888.67
poisson,best,10000,92422430138074.2
poisson,best,10,92422430138074.2
friedman_mse,random,10000,92422430138074.2
poisson,best,10000,92422430138074.2
friedman_mse,best,1,92422430138074.2
absolute_error,random,10,88334329843394.9
absolute_error,random,10,88334329843394.9
poisson,random,10,92422430138074.2
squared_error,best,10,92422430138074.2
poisson,random,100,95491872890663.06
squared_error,best,10,92422430138074.2
poisson,best,1,92422430138074.2
squared_error,random,100,92422430138074.2
absolute_error,best,100,88334329843394.9
friedman_mse,random,1,92422430138074.2
friedman_mse,best,1000,92422430138074.2
poisson,random,10,92422430138074.2
squared_error,random,100,92422430138074.2
absolute_error,best,10000,88334329843394.9
friedman_mse,random,10000,92422430138074.2
friedman_mse,random,10,92422430138074.2
squared_error,random,10,92422430138074.2
poisson,best,1000,92422430138074.2
squared_error,random,10000,92422430138074.2
absolute_error,best,1,88334329843394.9
friedman_mse,random,100,92422430138074.2
friedman_mse,random,100,92422430138074.2
squared_error,random,100,95491872890663.06
squared_error,best,10000,92422430138074.2
absolute_error,best,1000,88334329843394.9
absolute_error,random,1000,88334329843394.9
friedman_mse,best,1,92422430138074.2
poisson,random,10000,92422430138074.2
squared_error,best,100,92422430138074.2
squared_error,random,100,92422430138074.2
absolute_error,random,1000,88334329843394.9
friedman_mse,random,1000,92422430138074.2
absolute_error,best,1000,88334329843394.9
friedman_mse,best,1,92422430138074.2
absolute_error,best,10,88334329843394.9
poisson,random,1000,92422430138074.2
squared_error,random,100,92422430138074.2
friedman_mse,best,1000,92422430138074.2
poisson,best,10,92422430138074.2
poisson,best,1,92422430138074.2
absolute_error,best,1000,88334329843394.9
friedman_mse,best,100,92422430138074.2
absolute_error,best,10000,88334329843394.9
friedman_mse,random,10,92422430138074.2
absolute_error,random,100,88334329843394.9
absolute_error,random,100,100538216200797.5
poisson,best,1,92422430138074.2
absolute_error,best,10,88334329843394.9
squared_error,best,1000,92422430138074.2
poisson,best,1,92422430138074.2
squared_error,random,100,92422430138074.2
friedman_mse,best,1000,92422430138074.2
friedman_mse,best,1,92422430138074.2
absolute_error,best,1000,88334329843394.9
absolute_error,random,1000,98690097339538.33
absolute_error,random,1,88334329843394.9
poisson,random,1000,92422430138074.2
absolute_error,random,10000,88334329843394.9
poisson,best,100,92422430138074.2
absolute_error,best,100,88334329843394.9
squared_error,best,100,92422430138074.2
poisson,best,1,92422430138074.2
squared_error,best,1,92422430138074.2
friedman_mse,best,1,92422430138074.2
squared_error,best,10,92422430138074.2
absolute_error,random,100,88334329843394.9
absolute_error,best,10,88334329843394.9
poisson,random,1000,92422430138074.2
poisson,best,1,92422430138074.2
absolute_error,best,100,88334329843394.9
friedman_mse,random,1,92554932170839.33
squared_error,random,10,92422430138074.2
squared_error,random,10,92422430138074.2
absolute_error,best,10000,88334329843394.9
poisson,best,1,92422430138074.2
squared_error,best,100,92422430138074.2
friedman_mse,best,1000,92422430138074.2
poisson,random,10,92422430138074.2
poisson,best,1,92422430138074.2
friedman_mse,random,100,92422430138074.2
friedman_mse,best,1000,92422430138074.2
friedman_mse,best,1,92422430138074.2
squared_error,best,10,92422430138074.2
squared_error,random,1,92422430138074.2
squared_error,best,10,92422430138074.2
squared_error,random,1000,92422430138074.2
squared_error,random,1000,92422430138074.2
poisson,random,10,92422430138074.2
squared_error,random,1,92422430138074.2
absolute_error,random,1,88334329843394.9
friedman_mse,best,100,92422430138074.2
squared_error,best,10000,92422430138074.2
squared_error,best,1,92422430138074.2
friedman_mse,random,100,92422430138074.2
poisson,random,10000,92422430138074.2
friedman_mse,best,100,92422430138074.2
friedman_mse,random,1000,92422430138074.2
absolute_error,best,10,88334329843394.9
friedman_mse,random,10000,92422430138074.2
squared_error,best,1000,92422430138074.2
poisson,best,1000,92422430138074.2
friedman_mse,best,1,92422430138074.2
squared_error,best,100,84215508237893.52
poisson,random,100,92422430138074.2
poisson,best,1,92422430138074.2
friedman_mse,best,10000,92422430138074.2
friedman_mse,random,10,92554932170839.33
absolute_error,best,10,88334329843394.9
poisson,random,100,92422430138074.2
friedman_mse,random,10,92422430138074.2
absolute_error,best,10000,88334329843394.9
absolute_error,random,1,94280623836667.8
poisson,best,100,92422430138074.2
poisson,best,100,92422430138074.2
friedman_mse,random,1,92422430138074.2
poisson,random,100,92422430138074.2
friedman_mse,random,1,92422430138074.2
squared_error,random,10000,92422430138074.2
absolute_error,random,10000,94280623836667.8
friedman_mse,best,10000,92422430138074.2
poisson,random,1,92422430138074.2
poisson,random,10,92422430138074.2
squared_error,random,10,92422430138074.2
absolute_error,random,1000,88334329843394.9
poisson,best,1,92422430138074.2
friedman_mse,best,10,92422430138074.2
poisson,best,1000,92422430138074.2
friedman_mse,random,10000,92422430138074.2
poisson,best,10000,92422430138074.2
squared_error,random,100,92422430138074.2
friedman_mse,random,100,92422430138074.2
absolute_error,best,1000,94405589087772.2
squared_error,random,1000,92422430138074.2
squared_error,best,1,92422430138074.2
absolute_error,random,1000,88334329843394.9
squared_error,best,1000,92422430138074.2
absolute_error,best,1,89844576999170.7
squared_error,random,1,92422430138074.2
squared_error,random,1,92422430138074.2
poisson,random,100,92422430138074.2
friedman_mse,random,1,92422430138074.2
poisson,best,10000,92422430138074.2
friedman_mse,best,10000,92422430138074.2
poisson,random,1,92422430138074.2
absolute_error,best,10000,88334329843394.9
squared_error,best,1000,92422430138074.2
friedman_mse,random,10000,92422430138074.2
poisson,best,1000,92422430138074.2
poisson,random,10,92422430138074.2
absolute_error,random,1,88334329843394.9
absolute_error,random,100,88334329843394.9
poisson,random,100,92422430138074.2
poisson,random,1,92422430138074.2
poisson,random,100,92422430138074.2
squared_error,random,10000,92422430138074.2
friedman_mse,random,10,92422430138074.2
absolute_error,random,100,88334329843394.9
absolute_error,best,1000,88334329843394.9
poisson,best,1000,92422430138074.2
friedman_mse,best,10000,92422430138074.2
squared_error,random,10,92422430138074.2
absolute_error,random,100,88334329843394.9
absolute_error,best,100,88334329843394.9
poisson,random,1000,92422430138074.2
poisson,random,1,92422430138074.2
friedman_mse,random,100,92422430138074.2
absolute_error,random,10,88334329843394.9
squared_error,best,10,92422430138074.2
friedman_mse,best,1,92422430138074.2
poisson,random,10,92422430138074.2
squared_error,best,1000,94808357838765.23
friedman_mse,best,10,89276011634407.89
poisson,random,100,92422430138074.2
poisson,best,1,92422430138074.2
poisson,random,100,95079679141175.67
friedman_mse,random,1,92422430138074.2
squared_error,best,1,92422430138074.2
absolute_error,random,1,88334329843394.9
friedman_mse,random,1000,92422430138074.2
poisson,random,1000,92422430138074.2
friedman_mse,best,1000,92422430138074.2
friedman_mse,random,1000,92422430138074.2
poisson,random,100,95785925604970.77
friedman_mse,random,1,92422430138074.2
friedman_mse,random,10,92422430138074.2
poisson,best,10000,92422430138074.2
poisson,best,1000,99138374893467.3
poisson,random,10000,92422430138074.2
friedman_mse,random,1,92422430138074.2
squared_error,best,10,92422430138074.2
absolute_error,best,10000,88334329843394.9
squared_error,best,10000,92422430138074.2
poisson,random,1000,92422430138074.2
squared_error,random,10,92422430138074.2
absolute_error,best,1000,88334329843394.9
squared_error,random,100,92422430138074.2
absolute_error,random,10,88334329843394.9
poisson,best,1,92422430138074.2
absolute_error,best,100,88334329843394.9
squared_error,best,10,92422430138074.2
absolute_error,random,1000,88334329843394.9
absolute_error,random,10000,88334329843394.9
poisson,random,10000,92422430138074.2
poisson,best,100,92422430138074.2
friedman_mse,random,10000,92422430138074.2
poisson,best,1,92422430138074.2
squared_error,best,1000,92422430138074.2
poisson,random,1000,92422430138074.2
poisson,best,10,92422430138074.2
squared_error,random,1,92422430138074.2
poisson,random,1,92422430138074.2
absolute_error,random,1000,88334329843394.9
absolute_error,random,10,88334329843394.9
poisson,random,1000,92422430138074.2
absolute_error,random,1000,92020833250747.14
squared_error,random,10,92422430138074.2
friedman_mse,random,1000,92422430138074.2
absolute_error,random,100,88334329843394.9
friedman_mse,best,100,92422430138074.2
squared_error,random,1,92422430138074.2
absolute_error,best,1,88334329843394.9
friedman_mse,best,1000,92422430138074.2
squared_error,random,1000,92422430138074.2
absolute_error,best,1000,88334329843394.9
friedman_mse,best,1,92422430138074.2
friedman_mse,random,10,92422430138074.2
squared_error,random,1000,92422430138074.2
friedman_mse,best,10,92422430138074.2
absolute_error,random,100,88334329843394.9
absolute_error,best,10,88334329843394.9
poisson,best,10,92422430138074.2
absolute_error,random,1000,88334329843394.9
squared_error,best,1,92422430138074.2
absolute_error,best,1,88334329843394.9
absolute_error,best,10000,97697010611068.5
squared_error,best,1000,92422430138074.2
poisson,random,1,92422430138074.2
squared_error,random,10000,92422430138074.2
poisson,best,10,92422430138074.2
squared_error,best,1,92422430138074.2
poisson,best,10,92422430138074.2
absolute_error,best,1,88334329843394.9
friedman_mse,best,10,92422430138074.2
friedman_mse,best,100,92551019018578.27
squared_error,best,1000,92422430138074.2
friedman_mse,best,1000,92422430138074.2
squared_error,random,1000,92422430138074.2
absolute_error,best,10,88334329843394.9
absolute_error,random,1,88334329843394.9
absolute_error,random,1000,91264464858255.02
poisson,best,1,92422430138074.2
poisson,random,1000,92422430138074.2
squared_error,random,100,92422430138074.2
friedman_mse,best,10000,92422430138074.2
friedman_mse,random,10,92554932170839.33
poisson,best,10000,92422430138074.2
squared_error,random,10,92422430138074.2
poisson,random,100,92422430138074.2
poisson,best,100,94494048379531.0
poisson,random,100,92422430138074.2
absolute_error,random,1,88334329843394.9
absolute_error,random,10000,88334329843394.9
poisson,random,10000,102654306348450.42
friedman_mse,random,100,92422430138074.2
absolute_error,best,10000,88334329843394.9
friedman_mse,random,1,92422430138074.2
poisson,random,10000,98917831459888.67
absolute_error,random,100,88334329843394.9
absolute_error,random,1,88334329843394.9
squared_error,random,1000,92422430138074.2
friedman_mse,best,1,92422430138074.2
friedman_mse,best,10,92422430138074.2
absolute_error,best,10,88334329843394.9
friedman_mse,best,10000,92422430138074.2
friedman_mse,best,10000,92422430138074.2
absolute_error,random,10,88334329843394.9
absolute_error,random,10,88334329843394.9
squared_error,random,1000,95089014335071.36
friedman_mse,best,1,92422430138074.2
friedman_mse,best,10,92422430138074.2
absolute_error,best,1,89844576999170.7
absolute_error,best,10000,88334329843394.9
friedman_mse,best,1,92422430138074.2
poisson,random,1,95089014335071.36
friedman_mse,best,10000,92422430138074.2
squared_error,random,100,92422430138074.2
squared_error,random,1,92422430138074.2
squared_error,best,10000,92422430138074.2
absolute_error,random,10,88334329843394.9
squared_error,best,10,92422430138074.2
friedman_mse,best,10000,92422430138074.2
absolute_error,random,1,88334329843394.9
absolute_error,random,10000,88334329843394.9
absolute_error,random,1000,88334329843394.9
friedman_mse,random,100,92422430138074.2
friedman_mse,random,10000,92422430138074.2
poisson,random,10,95785925604970.77
friedman_mse,random,100,92422430138074.2
squared_error,best,1000,92422430138074.2
friedman_mse,random,10000,92422430138074.2
friedman_mse,best,100,96768657522627.25
friedman_mse,best,1,92422430138074.2
friedman_mse,random,10,92422430138074.2
squared_error,best,100,92422430138074.2
squared_error,random,1,92422430138074.2
poisson,random,1000,92422430138074.2
friedman_mse,random,1,92422430138074.2
squared_error,best,100,92422430138074.2
friedman_mse,best,1,92422430138074.2
squared_error,best,10000,92422430138074.2
friedman_mse,best,1,92422430138074.2
poisson,random,10,92422430138074.2
absolute_error,random,100,88334329843394.9
friedman_mse,best,10000,92422430138074.2
poisson,best,10,79123180252099.22
squared_error,random,1000,92422430138074.2
absolute_error,random,1000,88334329843394.9
squared_error,random,1000,92422430138074.2
absolute_error,best,10000,92234942317509.55
absolute_error,best,10,88334329843394.9
friedman_mse,best,1,92422430138074.2
squared_error,random,1000,92422430138074.2
friedman_mse,random,100,92422430138074.2
poisson,best,1,92422430138074.2
squared_error,best,1000,92422430138074.2
friedman_mse,best,10000,92422430138074.2
poisson,random,10000,92422430138074.2
absolute_error,random,1000,88334329843394.9
poisson,random,10000,92422430138074.2
squared_error,best,10,92422430138074.2
poisson,best,100,92422430138074.2
absolute_error,best,1000,88334329843394.9
poisson,best,10000,92422430138074.2
absolute_error,best,100,88334329843394.9
poisson,random,1000,92422430138074.2
friedman_mse,random,100,92422430138074.2
squared_error,best,1,92422430138074.2
squared_error,random,100,92422430138074.2
friedman_mse,best,10000,92422430138074.2
squared_error,best,1,92422430138074.2
absolute_error,random,10000,88334329843394.9
poisson,best,1000,92422430138074.2
squared_error,best,1,92422430138074.2
poisson,best,1000,92422430138074.2
poisson,best,100,92422430138074.2
friedman_mse,random,100,92422430138074.2
poisson,best,100,92422430138074.2
absolute_error,random,10,88334329843394.9
absolute_error,random,10,88334329843394.9
absolute_error,random,1,88334329843394.9
absolute_error,random,10000,88334329843394.9
squared_error,best,10000,92422430138074.2
absolute_error,best,10,88334329843394.9
squared_error,best,10,92422430138074.2
friedman_mse,random,10,92422430138074.2
squared_error,random,10,92422430138074.2
poisson,random,10000,92422430138074.2
squared_error,random,10000,92422430138074.2
poisson,best,1,92321655430893.55
absolute_error,random,1000,88334329843394.9
poisson,random,10000,92422430138074.2
poisson,random,10000,92422430138074.2
friedman_mse,best,10000,92422430138074.2
friedman_mse,best,10000,92422430138074.2
squared_error,best,10,92422430138074.2
poisson,random,1000,92422430138074.2
friedman_mse,best,1000,92422430138074.2
squared_error,random,100,92422430138074.2
squared_error,random,10000,92422430138074.2
friedman_mse,random,10000,92422430138074.2
absolute_error,best,1000,88334329843394.9
friedman_mse,best,100,92422430138074.2
poisson,best,1,92422430138074.2
poisson,random,10000,95491872890663.06
absolute_error,best,100,95076463315842.52
absolute_error,random,10,88334329843394.9
squared_error,random,1,92422430138074.2
absolute_error,random,1000,88334329843394.9
squared_error,best,1,92030519035161.52
poisson,random,100,92422430138074.2
squared_error,best,1000,92422430138074.2
friedman_mse,random,100,92422430138074.2
absolute_error,random,1000,88334329843394.9
absolute_error,best,10,88334329843394.9
absolute_error,random,100,88334329843394.9
absolute_error,best,1,88334329843394.9
friedman_mse,best,100,92422430138074.2
friedman_mse,random,1,92422430138074.2
friedman_mse,random,10,92422430138074.2
squared_error,best,10000,92422430138074.2
absolute_error,random,100,88334329843394.9
poisson,best,10000,92422430138074.2
friedman_mse,best,10,92422430138074.2
friedman_mse,random,1000,92422430138074.2
poisson,random,100,92422430138074.2
poisson,best,1000,92422430138074.2
friedman_mse,best,100,92422430138074.2
squared_error,random,100,92422430138074.2
absolute_error,random,1,88334329843394.9
absolute_error,best,10,88334329843394.9
absolute_error,best,10,88334329843394.9
friedman_mse,best,10,92422430138074.2
friedman_mse,best,10,87914419268552.92
poisson,random,100,92422430138074.2
squared_error,best,10000,92422430138074.2
friedman_mse,best,1000,92422430138074.2
squared_error,random,100,92422430138074.2
absolute_error,best,10,88334329843394.9
friedman_mse,random,10,92422430138074.2
poisson,random,10000,92422430138074.2
friedman_mse,best,10000,92422430138074.2
friedman_mse,best,1,92422430138074.2
poisson,random,100,92422430138074.2
squared_error,random,1,92422430138074.2
poisson,random,1000,92422430138074.2
friedman_mse,random,100,92422430138074.2
absolute_error,best,10000,88334329843394.9
absolute_error,random,1000,88334329843394.9
absolute_error,best,10,88334329843394.9
squared_error,random,100,95848123923439.98
squared_error,best,10000,92422430138074.2
friedman_mse,best,100,92422430138074.2
friedman_mse,random,10,92422430138074.2
absolute_error,best,1000,88334329843394.9
absolute_error,best,10000,88334329843394.9
friedman_mse,random,100,92422430138074.2
friedman_mse,random,100,92422430138074.2
squared_error,random,100,92422430138074.2
friedman_mse,best,1,92422430138074.2
friedman_mse,best,100,92422430138074.2
squared_error,best,10000,92422430138074.2
poisson,random,10000,90614309276577.33
poisson,random,1,92422430138074.2
poisson,random,1000,92422430138074.2
squared_error,best,10,92422430138074.2
absolute_error,best,10,88334329843394.9
poisson,best,1000,92422430138074.2
squared_error,best,100,92422430138074.2
squared_error,random,10,92422430138074.2
poisson,best,10000,92422430138074.2
friedman_mse,random,10,92422430138074.2
absolute_error,random,1000,88334329843394.9
friedman_mse,best,100,92422430138074.2
poisson,best,10,92422430138074.2
squared_error,random,10000,92422430138074.2
absolute_error,random,1000,88334329843394.9
friedman_mse,random,1,92422430138074.2
poisson,best,1,92422430138074.2
friedman_mse,random,1,92422430138074.2
friedman_mse,best,10000,91104808998633.81
absolute_error,best,1000,88334329843394.9
friedman_mse,best,1,92422430138074.2
friedman_mse,random,100,92422430138074.2
poisson,random,10,92422430138074.2
poisson,random,10000,92422430138074.2
absolute_error,random,10000,88334329843394.9
poisson,best,1,92422430138074.2
poisson,random,10000,92422430138074.2
absolute_error,random,1,88334329843394.9
absolute_error,best,10,88334329843394.9
friedman_mse,random,10000,92422430138074.2
friedman_mse,best,100,92422430138074.2
poisson,best,1000,97264819942793.0
poisson,random,10,92422430138074.2
squared_error,best,100,92422430138074.2
squared_error,best,1,92422430138074.2
squared_error,best,10,92422430138074.2
poisson,best,100,92422430138074.2
absolute_error,best,1,88334329843394.9
squared_error,random,1,92422430138074.2
friedman_mse,best,100,92422430138074.2
poisson,best,100,92422430138074.2
absolute_error,random,100,88334329843394.9
absolute_error,best,10000,88334329843394.9
absolute_error,random,10,88334329843394.9
friedman_mse,random,10000,92422430138074.2
poisson,random,100,93890316971818.94
poisson,random,10000,92422430138074.2
friedman_mse,best,10,92422430138074.2
squared_error,random,1000,92422430138074.2
friedman_mse,best,10,92422430138074.2
poisson,best,10000,92422430138074.2
squared_error,best,10000,92422430138074.2
poisson,best,100,92422430138074.2
squared_error,best,100,92422430138074.2
absolute_error,random,1000,88334329843394.9
friedman_mse,best,1000,92422430138074.2
poisson,best,100,92422430138074.2
friedman_mse,random,10,92422430138074.2
squared_error,best,10,92422430138074.2
absolute_error,best,1000,88334329843394.9
squared_error,random,10000,92422430138074.2
squared_error,best,10,92422430138074.2
squared_error,best,10,92422430138074.2
poisson,best,100,95886349249690.94
friedman_mse,best,1,92422430138074.2
poisson,best,1000,92422430138074.2
absolute_error,random,10,88334329843394.9
friedman_mse,random,100,92422430138074.2
friedman_mse,best,10,92422430138074.2
squared_error,random,1,92422430138074.2
squared_error,random,10,92422430138074.2
absolute_error,best,100,88334329843394.9
poisson,random,1000,92422430138074.2
squared_error,best,1,92422430138074.2
friedman_mse,random,10,92422430138074.2
absolute_error,best,10,88334329843394.9
friedman_mse,best,10000,92422430138074.2
poisson,best,1000,92422430138074.2
poisson,random,1,92422430138074.2
absolute_error,best,1000,88334329843394.9
friedman_mse,random,1000,92422430138074.2
absolute_error,best,10000,88783553799055.95
absolute_error,random,10000,88334329843394.9
poisson,best,10000,92422430138074.2
poisson,best,100,92422430138074.2
squared_error,best,10000,92422430138074.2
squared_error,random,10000,95848123923439.98
poisson,random,1000,92422430138074.2
squared_error,best,1000,92422430138074.2
friedman_mse,best,100,92422430138074.2
absolute_error,best,10000,88334329843394.9
absolute_error,random,1000,88334329843394.9
absolute_error,random,1000,96705525403699.38
friedman_mse,random,100,92422430138074.2
squared_error,random,10000,92422430138074.2
squared_error,random,10,92422430138074.2
squared_error,random,1,92422430138074.2
poisson,best,1,92422430138074.2
friedman_mse,random,1,92422430138074.2
friedman_mse,best,1,92422430138074.2
friedman_mse,best,10,92422430138074.2
friedman_mse,best,10000,102036443685433.12
poisson,best,1,92422430138074.2
absolute_error,random,10,88334329843394.9
poisson,best,10000,96366888326350.98
poisson,best,10,92422430138074.2
absolute_error,random,1000,88334329843394.9
friedman_mse,best,1,92422430138074.2
friedman_mse,best,100,92422430138074.2
friedman_mse,random,10,92422430138074.2
friedman_mse,best,10000,92422430138074.2
poisson,random,1000,92422430138074.2
poisson,random,1000,92422430138074.2
absolute_error,random,100,88334329843394.9
absolute_error,random,100,88334329843394.9
poisson,random,10,92422430138074.2
squared_error,random,100,92422430138074.2
squared_error,random,1,92422430138074.2
squared_error,random,1,95089014335071.36
poisson,best,1000,94494048379531.0
poisson,random,10,92422430138074.2
friedman_mse,random,100,92422430138074.2
poisson,random,1,92422430138074.2
poisson,best,1000,92422430138074.2
friedman_mse,random,1,92422430138074.2
absolute_error,best,100,88334329843394.9
poisson,random,10000,95079679141175.67
absolute_error,best,10000,88334329843394.9
poisson,best,100,92422430138074.2
poisson,random,100,95785925604970.77
poisson,best,1,92422430138074.2
poisson,best,100,92422430138074.2
absolute_error,random,100,88334329843394.9
absolute_error,random,1000,88334329843394.9
poisson,random,10,92422430138074.2
poisson,random,10,92422430138074.2
friedman_mse,random,1000,92422430138074.2
absolute_error,best,1,88334329843394.9
absolute_error,random,1,94280623836667.8
absolute_error,best,100,88334329843394.9
squared_error,random,10000,92422430138074.2
absolute_error,random,10,88334329843394.9
poisson,random,10,92422430138074.2
poisson,random,1000,92422430138074.2
squared_error,best,1,92422430138074.2
friedman_mse,random,100,92422430138074.2
squared_error,best,10,92422430138074.2
absolute_error,random,1,88334329843394.9
friedman_mse,random,100,92422430138074.2
friedman_mse,best,10,92422430138074.2
poisson,random,100,92422430138074.2
absolute_error,random,100,88334329843394.9
squared_error,random,10,92422430138074.2
friedman_mse,random,100,92422430138074.2
friedman_mse,random,1000,92554932170839.33
poisson,best,1000,92422430138074.2
poisson,best,10000,91788508825409.14
absolute_error,random,1000,88334329843394.9
squared_error,random,10000,92422430138074.2
poisson,best,1000,102261994188039.39
absolute_error,random,100,88334329843394.9
poisson,random,10000,92422430138074.2
absolute_error,random,100,88334329843394.9
friedman_mse,random,1,92422430138074.2
friedman_mse,best,1,92422430138074.2
absolute_error,best,10,88334329843394.9
poisson,best,10,92422430138074.2
poisson,random,10000,92422430138074.2
squared_error,random,100,92422430138074.2
poisson,random,1000,92422430138074.2
squared_error,random,10000,92422430138074.2
friedman_mse,best,100,92422430138074.2
friedman_mse,best,10000,92422430138074.2
squared_error,best,10,95863018901911.86
friedman_mse,best,10,92422430138074.2
poisson,best,100,92422430138074.2
absolute_error,random,1,88334329843394.9
squared_error,best,10,92422430138074.2
friedman_mse,best,1,92498452443421.28
absolute_error,random,10,102076400369849.12
absolute_error,random,100,88334329843394.9
poisson,random,1000,92422430138074.2
absolute_error,best,10000,88334329843394.9
absolute_error,random,10000,88334329843394.9
absolute_error,random,10000,88334329843394.9
friedman_mse,random,10,91338576271530.66
poisson,random,100,92422430138074.2
absolute_error,best,100,88334329843394.9
friedman_mse,random,10,92422430138074.2
friedman_mse,random,10,92422430138074.2
absolute_error,best,1000,88334329843394.9
poisson,best,1000,92422430138074.2
poisson,best,100,92422430138074.2
absolute_error,random,100,88334329843394.9
absolute_error,random,1,88334329843394.9
squared_error,best,100,92422430138074.2
poisson,random,1,92422430138074.2
squared_error,best,10000,92422430138074.2
friedman_mse,random,10000,92422430138074.2
friedman_mse,best,10,92422430138074.2
absolute_error,best,1000,88334329843394.9
friedman_mse,random,1,92422430138074.2
poisson,random,1,92422430138074.2
friedman_mse,best,1000,87215374443547.48
absolute_error,random,1,88334329843394.9
poisson,random,1,92422430138074.2
absolute_error,best,1000,88334329843394.9
poisson,best,1,92422430138074.2
friedman_mse,random,10000,92422430138074.2
squared_error,random,10000,95491872890663.06
friedman_mse,best,10000,92422430138074.2
squared_error,best,100,92422430138074.2
poisson,best,100,92422430138074.2
poisson,random,10,92422430138074.2
poisson,best,10,92422430138074.2
absolute_error,random,1,88334329843394.9
squared_error,best,1,92422430138074.2
absolute_error,best,1,88334329843394.9
squared_error,random,1,92422430138074.2
friedman_mse,best,10,92422430138074.2
absolute_error,best,1,88334329843394.9
absolute_error,best,100,88334329843394.9
absolute_error,random,10,88334329843394.9
friedman_mse,best,100,92422430138074.2
poisson,random,10,92422430138074.2
poisson,best,100,92422430138074.2
poisson,best,10000,92422430138074.2
poisson,best,100,92422430138074.2
friedman_mse,best,1000,92422430138074.2
squared_error,best,10,92422430138074.2
squared_error,random,10,92422430138074.2
poisson,best,1,92422430138074.2
friedman_mse,random,10000,92422430138074.2
poisson,best,1000,92422430138074.2
friedman_mse,random,1,92422430138074.2
squared_error,random,100,92422430138074.2
poisson,best,10,92422430138074.2
squared_error,best,1000,92422430138074.2
friedman_mse,random,1000,92422430138074.2
poisson,best,100,92422430138074.2
poisson,random,10000,119324798204078.77
squared_error,random,10,92422430138074.2
absolute_error,best,10,88334329843394.9
friedman_mse,best,1,92422430138074.2
friedman_mse,random,10,92422430138074.2
absolute_error,random,10000,88334329843394.9
squared_error,random,1,92422430138074.2
squared_error,random,1000,92422430138074.2
poisson,random,100,92422430138074.2
friedman_mse,best,1000,92422430138074.2
poisson,random,1000,92422430138074.2
squared_error,random,1000,92422430138074.2
squared_error,random,100,92422430138074.2
friedman_mse,best,1000,92422430138074.2
squared_error,random,1,92422430138074.2
squared_error,random,1000,92422430138074.2
poisson,random,1,92422430138074.2
poisson,best,10000,92422430138074.2
squared_error,random,100,92422430138074.2
absolute_error,best,10,88334329843394.9
poisson,random,10000,92422430138074.2
poisson,random,1,92422430138074.2
squared_error,random,100,92422430138074.2
poisson,random,100,92422430138074.2
poisson,best,1000,92422430138074.2
friedman_mse,random,1,92422430138074.2
absolute_error,best,1000,70898994117681.61
poisson,best,1,92422430138074.2
poisson,best,10,92422430138074.2
friedman_mse,random,1000,91580493322073.7
squared_error,best,100,92422430138074.2
friedman_mse,best,10,92422430138074.2
absolute_error,random,100,88334329843394.9
poisson,random,10000,92422430138074.2
squared_error,random,1000,95079679141175.67
absolute_error,best,100,92234942317509.55
friedman_mse,best,1000,89276011634407.89
friedman_mse,best,10000,92422430138074.2
squared_error,best,1000,92422430138074.2
absolute_error,best,1,88334329843394.9
poisson,best,1,92422430138074.2
poisson,best,10000,92422430138074.2
friedman_mse,random,10,92554932170839.33
squared_error,random,10,92422430138074.2
squared_error,best,100,92422430138074.2
friedman_mse,random,100,92422430138074.2
absolute_error,best,1,88334329843394.9
poisson,best,10,92422430138074.2
absolute_error,best,10000,88334329843394.9
friedman_mse,best,1000,92422430138074.2
absolute_error,best,100,88334329843394.9
friedman_mse,best,1,92422430138074.2
friedman_mse,best,1,92498452443421.28
squared_error,best,10,92422430138074.2
friedman_mse,random,1,92422430138074.2
poisson,best,100,92422430138074.2
absolute_error,random,1000,88334329843394.9
friedman_mse,best,1000,90711698025158.8
squared_error,random,10000,92422430138074.2
squared_error,random,1,92422430138074.2
friedman_mse,best,1000,92422430138074.2
squared_error,random,10,95491872890663.06
squared_error,best,1,92422430138074.2
poisson,best,1,92422430138074.2
absolute_error,best,100,88334329843394.9
poisson,best,1,92422430138074.2
absolute_error,random,1000,88334329843394.9
squared_error,best,10,92422430138074.2
absolute_error,random,1,88334329843394.9
friedman_mse,best,10,92422430138074.2
friedman_mse,best,100,92422430138074.2
absolute_error,best,10000,57251684805619.96
squared_error,best,1000,92422430138074.2
squared_error,best,100,92422430138074.2
absolute_error,best,1000,97697010611068.5
absolute_error,best,10000,88334329843394.9
poisson,best,1000,92422430138074.2
absolute_error,random,1,88334329843394.9
poisson,best,10000,92422430138074.2
poisson,best,1000,92422430138074.2
poisson,best,100,92422430138074.2
poisson,best,1,92422430138074.2
friedman_mse,best,10,92422430138074.2
squared_error,best,100,92422430138074.2
squared_error,random,100,92422430138074.2
absolute_error,random,1000,88334329843394.9
squared_error,random,10000,92422430138074.2
absolute_error,best,10000,88334329843394.9
poisson,best,1,92422430138074.2
absolute_error,best,10,88334329843394.9
squared_error,best,100,92422430138074.2
friedman_mse,best,10000,92422430138074.2
absolute_error,best,1,89844576999170.7
squared_error,best,1000,92422430138074.2
friedman_mse,random,1000,92422430138074.2
squared_error,random,1000,92422430138074.2
absolute_error,best,1000,88334329843394.9
squared_error,random,10000,92422430138074.2
friedman_mse,random,10,92422430138074.2
poisson,random,10,76898111010021.77
friedman_mse,random,1000,92422430138074.2
absolute_error,best,100,88334329843394.9
squared_error,random,100,92422430138074.2
poisson,best,1000,92422430138074.2
squared_error,best,1,92422430138074.2
poisson,random,10000,92422430138074.2
poisson,random,1,92422430138074.2
squared_error,random,1000,92422430138074.2
absolute_error,best,100,88334329843394.9
friedman_mse,best,1000,92422430138074.2
friedman_mse,random,100,92422430138074.2
squared_error,random,100,95491872890663.06
friedman_mse,random,1,92422430138074.2
absolute_error,best,1000,88334329843394.9
friedman_mse,best,10,92422430138074.2
squared_error,random,100,92422430138074.2
poisson,best,10000,92422430138074.2
poisson,best,10000,92422430138074.2
poisson,best,1000,92422430138074.2
squared_error,random,10000,92422430138074.2
absolute_error,best,100,88334329843394.9
absolute_error,random,10000,88334329843394.9
squared_error,random,1,92422430138074.2
absolute_error,best,1,89844576999170.7
friedman_mse,random,10,92422430138074.2
friedman_mse,best,10,92422430138074.2
absolute_error,best,10000,88334329843394.9
friedman_mse,best,10000,89276011634407.89
poisson,best,10,92780091189509.3
poisson,best,10,92422430138074.2
friedman_mse,best,1,92422430138074.2
absolute_error,random,1,88334329843394.9
poisson,random,10000,92422430138074.2
poisson,random,10000,92422430138074.2
absolute_error,best,10000,88334329843394.9
squared_error,best,1,92422430138074.2
poisson,best,10000,92422430138074.2
friedman_mse,random,1,92422430138074.2
poisson,random,10,92422430138074.2
poisson,random,1,92422430138074.2
friedman_mse,random,10,92422430138074.2
friedman_mse,random,1,92554932170839.33
absolute_error,best,1000,88334329843394.9
squared_error,random,10,92422430138074.2
absolute_error,best,10,88334329843394.9
squared_error,random,10000,92422430138074.2
absolute_error,best,1,88334329843394.9
squared_error,best,100,92422430138074.2
squared_error,random,10,92422430138074.2
poisson,random,10000,92422430138074.2
squared_error,best,100,92422430138074.2
absolute_error,best,10000,88334329843394.9
friedman_mse,random,10000,88532841519023.81
poisson,random,10,92422430138074.2
poisson,best,100,92422430138074.2
poisson,best,10000,92422430138074.2
absolute_error,best,100,91836130978925.86
squared_error,best,10000,96104087844870.95
absolute_error,best,100,88334329843394.9
squared_error,random,1,92422430138074.2
friedman_mse,best,100,92422430138074.2
friedman_mse,random,10000,92422430138074.2
absolute_error,best,1000,88334329843394.9
friedman_mse,random,1,92422430138074.2
absolute_error,random,10,88334329843394.9
friedman_mse,best,10000,92422430138074.2
absolute_error,best,1,89844576999170.7
friedman_mse,random,1,92422430138074.2
poisson,best,10,92422430138074.2
friedman_mse,best,10,92422430138074.2
squared_error,random,10000,97097550214786.73
squared_error,best,10000,92422430138074.2
absolute_error,best,1,89844576999170.7
squared_error,best,10,94808357838765.23
poisson,random,1000,92422430138074.2
squared_error,best,1000,92422430138074.2
friedman_mse,best,1,92422430138074.2
absolute_error,random,100,88334329843394.9
friedman_mse,best,10,92422430138074.2
squared_error,best,10,92422430138074.2
absolute_error,best,1000,88334329843394.9
squared_error,random,1,92422430138074.2
absolute_error,random,10000,88334329843394.9
friedman_mse,random,1000,92422430138074.2
squared_error,random,100,92422430138074.2
poisson,random,1,92422430138074.2
absolute_error,random,100,88334329843394.9
poisson,best,1000,92422430138074.2
squared_error,best,100,92422430138074.2
friedman_mse,best,1000,92422430138074.2
friedman_mse,best,100,92422430138074.2
friedman_mse,best,10,92422430138074.2
absolute_error,random,10000,104508162638960.98
poisson,random,100,92422430138074.2
absolute_error,random,1,88334329843394.9
friedman_mse,random,1,92422430138074.2
poisson,random,1000,92422430138074.2
absolute_error,random,100,88334329843394.9
squared_error,random,10,92422430138074.2
absolute_error,best,1,88334329843394.9
absolute_error,best,10,88334329843394.9
squared_error,random,10000,92422430138074.2
absolute_error,random,1000,88334329843394.9
poisson,random,10000,92422430138074.2
poisson,random,100,92422430138074.2
friedman_mse,random,10,92422430138074.2
absolute_error,best,10,88334329843394.9
absolute_error,best,10,88334329843394.9
squared_error,random,1000,92422430138074.2
friedman_mse,random,10000,92422430138074.2
friedman_mse,random,1,92422430138074.2
friedman_mse,best,10,92422430138074.2
squared_error,best,1,92422430138074.2
poisson,random,1,92422430138074.2
absolute_error,random,10000,88334329843394.9
absolute_error,best,10000,88334329843394.9
poisson,best,10000,92422430138074.2
poisson,best,1000,92422430138074.2
absolute_error,best,1000,88334329843394.9
poisson,random,1000,92422430138074.2
friedman_mse,best,10,92422430138074.2
friedman_mse,best,100,92422430138074.2
squared_error,random,1000,92422430138074.2
friedman_mse,random,1000,92422430138074.2
friedman_mse,random,1,92422430138074.2
absolute_error,best,10,88334329843394.9
poisson,random,10000,92422430138074.2
squared_error,random,10,92422430138074.2
friedman_mse,best,1000,92422430138074.2
squared_error,random,10,92422430138074.2
poisson,best,1000,92422430138074.2
poisson,random,1000,92422430138074.2
friedman_mse,random,1,92422430138074.2
squared_error,random,1,92422430138074.2
poisson,random,1000,92422430138074.2
poisson,best,1000,92422430138074.2
poisson,best,1,92422430138074.2
squared_error,random,1000,92422430138074.2
squared_error,best,10,92422430138074.2
poisson,best,10,92422430138074.2
squared_error,best,1000,92422430138074.2
friedman_mse,random,10000,92422430138074.2
squared_error,best,10,95863018901911.86
friedman_mse,random,10000,92422430138074.2
friedman_mse,random,10,92422430138074.2
friedman_mse,best,10,92422430138074.2
poisson,random,10000,92422430138074.2
absolute_error,random,1,88334329843394.9
friedman_mse,random,10,92422430138074.2
friedman_mse,best,100,92422430138074.2
absolute_error,random,100,88334329843394.9
absolute_error,random,10000,96745084225901.11
poisson,best,1000,92422430138074.2
friedman_mse,random,10000,91580493322073.7
friedman_mse,random,10000,92422430138074.2
friedman_mse,best,100,92422430138074.2
friedman_mse,random,1,92422430138074.2
absolute_error,best,1000,88334329843394.9
friedman_mse,random,1,92422430138074.2
squared_error,random,1,92422430138074.2
poisson,best,100,92422430138074.2
squared_error,random,1,95089014335071.36
poisson,random,10,95491872890663.06
poisson,best,100,92422430138074.2
poisson,random,1,92422430138074.2
friedman_mse,random,100,91842939503325.45
poisson,best,1000,92422430138074.2
friedman_mse,random,100,92422430138074.2
poisson,best,100,92422430138074.2
squared_error,best,10,92422430138074.2
squared_error,random,100,92422430138074.2
squared_error,best,100,92422430138074.2
friedman_mse,best,10000,92551019018578.27
friedman_mse,random,1,92422430138074.2
squared_error,best,100,92422430138074.2
squared_error,best,10,92422430138074.2
friedman_mse,best,1,92422430138074.2
friedman_mse,best,10,92422430138074.2
squared_error,best,10,92650669109436.9
friedman_mse,best,100,92422430138074.2
friedman_mse,random,1,92422430138074.2
poisson,best,100,92422430138074.2
friedman_mse,best,10,92422430138074.2
absolute_error,random,10,88334329843394.9
absolute_error,best,100,88334329843394.9
poisson,best,1,92422430138074.2
poisson,best,10,92422430138074.2
friedman_mse,best,10000,92422430138074.2
friedman_mse,random,10,92422430138074.2
absolute_error,random,10000,88334329843394.9
poisson,best,10,92422430138074.2
squared_error,best,1,92030519035161.52
friedman_mse,best,1,92422430138074.2
absolute_error,best,10000,60255268434048.94
absolute_error,random,1000,88334329843394.9
poisson,best,10,92422430138074.2
squared_error,random,10000,92422430138074.2
poisson,random,100,92422430138074.2
squared_error,best,10,92422430138074.2
poisson,best,10,92422430138074.2
absolute_error,random,100,88334329843394.9
poisson,best,1000,92780091189509.3
absolute_error,best,1,88334329843394.9
squared_error,best,100,92422430138074.2
poisson,best,10,92422430138074.2
poisson,random,10000,92422430138074.2
poisson,best,10000,92422430138074.2
squared_error,best,10,92422430138074.2
absolute_error,random,1000,88334329843394.9
friedman_mse,best,10000,92422430138074.2
poisson,best,10,92422430138074.2
friedman_mse,best,10000,92422430138074.2
friedman_mse,best,10,92422430138074.2
poisson,best,1000,92422430138074.2
friedman_mse,best,10000,92422430138074.2
absolute_error,best,1000,88334329843394.9
friedman_mse,random,1,92422430138074.2
poisson,best,1,92321655430893.55
poisson,best,1000,92422430138074.2
poisson,random,1,92422430138074.2
poisson,best,10,92422430138074.2
friedman_mse,best,10,92422430138074.2
poisson,best,100,92422430138074.2
squared_error,best,10,92422430138074.2
absolute_error,best,1000,88334329843394.9
absolute_error,best,10,62800412546229.13
absolute_error,random,1,88334329843394.9
poisson,random,10,92422430138074.2
absolute_error,best,1,88334329843394.9
friedman_mse,random,1,92422430138074.2
poisson,best,10000,92422430138074.2
friedman_mse,random,1,92422430138074.2
poisson,random,100,92422430138074.2
squared_error,random,10,92422430138074.2
poisson,best,10,92422430138074.2
squared_error,random,1,92422430138074.2
squared_error,random,1,92422430138074.2
poisson,best,1000,92422430138074.2
absolute_error,random,1000,88334329843394.9
friedman_mse,random,10000,92422430138074.2
poisson,best,100,92422430138074.2
absolute_error,best,100,88334329843394.9
absolute_error,random,100,88334329843394.9
poisson,random,1,92422430138074.2
squared_error,best,1000,92422430138074.2
friedman_mse,best,100,92422430138074.2
squared_error,best,100,92422430138074.2
squared_error,best,1000,92422430138074.2
squared_error,random,100,92422430138074.2
friedman_mse,best,1000,92422430138074.2
squared_error,best,1000,92422430138074.2
friedman_mse,random,10000,92422430138074.2
squared_error,random,1,92422430138074.2
poisson,best,1,92321655430893.55
absolute_error,random,10000,88334329843394.9
friedman_mse,random,1000,92422430138074.2
absolute_error,best,100,88334329843394.9
squared_error,random,10000,92422430138074.2
absolute_error,random,1,88334329843394.9
squared_error,random,10,92422430138074.2
absolute_error,random,1,88334329843394.9
absolute_error,random,1000,88334329843394.9
absolute_error,random,10,88334329843394.9
friedman_mse,best,1000,92422430138074.2
squared_error,random,1,92422430138074.2
poisson,random,1000,92422430138074.2
squared_error,best,1,92422430138074.2
squared_error,best,1000,92422430138074.2
squared_error,best,10,92422430138074.2
squared_error,random,1,92422430138074.2
absolute_error,random,10,88334329843394.9
friedman_mse,random,1000,92422430138074.2
poisson,best,1000,92422430138074.2
poisson,random,1,95089014335071.36
poisson,random,1000,92422430138074.2
friedman_mse,best,10000,92422430138074.2
friedman_mse,random,100,92422430138074.2
squared_error,best,10000,92422430138074.2
friedman_mse,random,10,92422430138074.2
friedman_mse,best,10000,89276011634407.89
friedman_mse,random,1000,92422430138074.2
poisson,random,10000,92422430138074.2
poisson,random,1000,98917831459888.67
absolute_error,random,1000,88334329843394.9
friedman_mse,best,1,92422430138074.2
absolute_error,best,1,88334329843394.9
squared_error,best,1000,92422430138074.2
poisson,random,10,92422430138074.2
squared_error,random,1000,92422430138074.2
friedman_mse,best,1000,92422430138074.2
absolute_error,best,100,88334329843394.9
squared_error,best,1000,92422430138074.2
absolute_error,best,10,88334329843394.9
squared_error,best,1,92422430138074.2
squared_error,random,10000,92422430138074.2
squared_error,best,10,92422430138074.2
friedman_mse,best,1000,92422430138074.2
squared_error,random,10,92422430138074.2
friedman_mse,random,1000,92422430138074.2
absolute_error,random,1000,88334329843394.9
poisson,best,1,92422430138074.2
squared_error,random,1,92422430138074.2
friedman_mse,random,1,92422430138074.2
poisson,best,1000,92422430138074.2
squared_error,random,100,92422430138074.2
absolute_error,best,10000,88334329843394.9
squared_error,random,10000,92422430138074.2
absolute_error,random,1,94280623836667.8
squared_error,random,1000,92422430138074.2
squared_error,best,100,92974786112404.27
poisson,best,100,92422430138074.2
friedman_mse,best,1,92422430138074.2
absolute_error,random,1000,88334329843394.9
poisson,random,10000,92422430138074.2
poisson,best,1000,91788508825409.14
squared_error,random,100,92422430138074.2
absolute_error,best,100,88334329843394.9
friedman_mse,random,1000,92422430138074.2
absolute_error,random,100,88334329843394.9
poisson,best,1000,92422430138074.2
friedman_mse,best,1000,87215374443547.5
poisson,best,100,92422430138074.2
friedman_mse,best,1,92422430138074.2
friedman_mse,best,10,92422430138074.2
squared_error,random,100,92422430138074.2
friedman_mse,best,10,92422430138074.2
friedman_mse,best,1,92422430138074.2
absolute_error,best,10000,88334329843394.9
poisson,random,1,92422430138074.2
friedman_mse,best,1000,92422430138074.2
friedman_mse,random,1000,92422430138074.2
friedman_mse,random,1000,92422430138074.2
poisson,best,1000,91788508825409.14
friedman_mse,random,10,92422430138074.2
friedman_mse,best,1000,92422430138074.2
squared_error,best,100,92422430138074.2
absolute_error,best,1000,88334329843394.9
poisson,best,100,92422430138074.2
friedman_mse,best,10000,92422430138074.2
poisson,random,1000,92422430138074.2
squared_error,random,1000,92422430138074.2
squared_error,random,1000,92422430138074.2
friedman_mse,random,1,92422430138074.2
friedman_mse,best,100,92422430138074.2
absolute_error,random,10000,88334329843394.9
friedman_mse,random,10000,92422430138074.2
friedman_mse,random,10000,92422430138074.2
friedman_mse,best,100,92422430138074.2
friedman_mse,random,100,92422430138074.2
absolute_error,random,10000,88334329843394.9
squared_error,best,10,92422430138074.2
poisson,random,1,92422430138074.2
friedman_mse,random,100,92422430138074.2
absolute_error,best,10,88334329843394.9
friedman_mse,random,1000,92422430138074.2
squared_error,random,10,92422430138074.2
squared_error,best,10000,92422430138074.2
friedman_mse,best,1000,92422430138074.2
absolute_error,best,1,88334329843394.9
poisson,random,100,92422430138074.2
poisson,best,1,92422430138074.2
squared_error,random,10,92422430138074.2
friedman_mse,random,10000,92422430138074.2
poisson,random,1,92422430138074.2
friedman_mse,random,10,92422430138074.2
poisson,random,10,92422430138074.2
squared_error,random,10,92422430138074.2
friedman_mse,random,1000,92422430138074.2
squared_error,random,100,92422430138074.2
absolute_error,random,1,88334329843394.9
absolute_error,best,10000,88334329843394.9
absolute_error,random,10000,88334329843394.9
absolute_error,best,1000,88783553799055.95
squared_error,random,1000,92422430138074.2
squared_error,random,1,95089014335071.36
poisson,random,1,92422430138074.2
friedman_mse,random,1000,91176537403287.05
friedman_mse,random,10000,92422430138074.2
absolute_error,best,1000,88334329843394.9
absolute_error,random,10,88334329843394.9
friedman_mse,best,1000,92422430138074.2
friedman_mse,best,10000,92422430138074.2
squared_error,random,1,92422430138074.2
squared_error,random,10000,92422430138074.2
squared_error,random,10000,92422430138074.2
absolute_error,best,10000,88334329843394.9
friedman_mse,best,100,92422430138074.2
poisson,best,10,92422430138074.2
friedman_mse,random,1,92422430138074.2
friedman_mse,best,1,92422430138074.2
poisson,best,10,92422430138074.2
friedman_mse,best,10000,85987912383503.34
absolute_error,best,1000,88334329843394.9
absolute_error,best,100,94405589087772.2
friedman_mse,random,10000,92422430138074.2
squared_error,random,100,92422430138074.2
poisson,random,1000,92422430138074.2
friedman_mse,random,100,92422430138074.2
poisson,random,10000,92422430138074.2
squared_error,random,100,92422430138074.2
absolute_error,random,100,88334329843394.9
poisson,random,10000,92422430138074.2
poisson,best,100,92422430138074.2
poisson,random,10000,92422430138074.2
squared_error,best,100,92422430138074.2
friedman_mse,best,1000,92422430138074.2
absolute_error,random,100,88334329843394.9
friedman_mse,best,100,92422430138074.2
squared_error,best,1,92422430138074.2
poisson,best,1000,92422430138074.2
squared_error,best,100,92422430138074.2
poisson,random,10,92422430138074.2
friedman_mse,best,1,92422430138074.2
squared_error,best,10000,92422430138074.2
squared_error,random,10000,92422430138074.2
absolute_error,random,10,96552943294477.58
friedman_mse,random,10000,92422430138074.2
poisson,random,100,95491872890663.06
friedman_mse,random,1,92422430138074.2
poisson,random,10000,92422430138074.2
absolute_error,random,100,88334329843394.9
friedman_mse,random,100,92422430138074.2
absolute_error,random,1000,88334329843394.9
absolute_error,best,1,88334329843394.9
poisson,best,10,92422430138074.2
poisson,best,10000,92422430138074.2
squared_error,best,100,92422430138074.2
squared_error,best,1000,92422430138074.2
friedman_mse,best,10000,92422430138074.2
friedman_mse,random,10000,92422430138074.2
squared_error,best,100,92422430138074.2
absolute_error,best,10,88334329843394.9
poisson,best,10000,92422430138074.2
squared_error,best,1,92422430138074.2
squared_error,best,10,92422430138074.2
absolute_error,best,10,88334329843394.9
friedman_mse,random,10,92422430138074.2
absolute_error,best,100,88334329843394.9
friedman_mse,random,10000,92422430138074.2
absolute_error,random,10,88334329843394.9
friedman_mse,best,10000,92422430138074.2
absolute_error,best,100,88334329843394.9
absolute_error,random,1,94280623836667.8
friedman_mse,random,1000,92422430138074.2
friedman_mse,best,1000,92422430138074.2
squared_error,best,1000,92422430138074.2
squared_error,best,10000,92422430138074.2
poisson,random,10,92422430138074.2
friedman_mse,best,1,92422430138074.2
squared_error,random,1000,92422430138074.2
absolute_error,best,10000,88334329843394.9
friedman_mse,random,1,92422430138074.2
poisson,random,100,92422430138074.2
absolute_error,best,100,88334329843394.9
poisson,best,1,92422430138074.2
squared_error,random,10000,92422430138074.2
friedman_mse,random,1,92554932170839.33
friedman_mse,best,1000,92422430138074.2
friedman_mse,random,10,91338576271530.66
squared_error,random,10000,95089014335071.36
poisson,best,10000,94494048379531.0
poisson,random,100,92422430138074.2
squared_error,best,1,92422430138074.2
absolute_error,best,1000,88334329843394.9
poisson,best,1000,92422430138074.2
friedman_mse,random,1,92422430138074.2
squared_error,best,100,92422430138074.2
friedman_mse,random,10,92422430138074.2
squared_error,random,10,92422430138074.2
squared_error,best,100,92650669109436.9
poisson,random,1,92422430138074.2
absolute_error,random,1000,88334329843394.9
friedman_mse,best,10000,92422430138074.2
absolute_error,best,1000,88334329843394.9
poisson,best,100,91788508825409.14
poisson,best,1,92422430138074.2
squared_error,best,1,92030519035161.52
friedman_mse,best,10,92422430138074.2
squared_error,random,10000,92422430138074.2
absolute_error,best,1,88334329843394.9
friedman_mse,random,1,92422430138074.2
absolute_error,random,1,88334329843394.9
poisson,best,100,92422430138074.2
friedman_mse,random,10000,92422430138074.2
absolute_error,random,1,88334329843394.9
poisson,best,100,92422430138074.2
poisson,random,100,92422430138074.2
absolute_error,random,10,88334329843394.9
poisson,best,1,92422430138074.2
absolute_error,random,100,88334329843394.9
absolute_error,random,100,88334329843394.9
friedman_mse,random,1,92422430138074.2
absolute_error,best,1000,88334329843394.9
friedman_mse,random,1000,92422430138074.2
squared_error,best,1,92422430138074.2
squared_error,best,10,92422430138074.2
poisson,best,100,92422430138074.2
squared_error,random,100,92422430138074.2
absolute_error,random,1000,88334329843394.9
poisson,random,10,92422430138074.2
friedman_mse,random,1,92422430138074.2
poisson,best,10000,92422430138074.2
absolute_error,random,10,88334329843394.9
friedman_mse,best,100,92422430138074.2
squared_error,best,100,92422430138074.2
squared_error,best,1000,92422430138074.2
absolute_error,best,10000,91836130978925.86
poisson,random,1000,92422430138074.2
poisson,best,1,92422430138074.2
absolute_error,random,1,88334329843394.9
poisson,random,1,92422430138074.2
friedman_mse,best,10,92422430138074.2
friedman_mse,best,1,92422430138074.2
friedman_mse,random,1,92422430138074.2
poisson,random,1000,92422430138074.2
friedman_mse,random,10,92422430138074.2
friedman_mse,random,10,92422430138074.2
poisson,random,100,95491872890663.06
squared_error,random,10,92422430138074.2
absolute_error,random,1000,88334329843394.9
squared_error,random,10,92422430138074.2
poisson,best,1,92422430138074.2
squared_error,random,1000,92422430138074.2
poisson,random,10,92422430138074.2
absolute_error,best,1,88334329843394.9
friedman_mse,best,10000,92422430138074.2
absolute_error,best,10,88334329843394.9
squared_error,random,1,92422430138074.2
friedman_mse,random,1,92422430138074.2
poisson,best,10,92422430138074.2
friedman_mse,random,1,92422430138074.2
absolute_error,best,10000,88334329843394.9
absolute_error,random,1000,88334329843394.9
friedman_mse,best,1000,92422430138074.2
absolute_error,best,10000,88334329843394.9
friedman_mse,best,1000,92422430138074.2
friedman_mse,best,10000,92422430138074.2
poisson,best,1,92422430138074.2
absolute_error,best,1000,88334329843394.9
squared_error,best,100,92422430138074.2
friedman_mse,best,1,92422430138074.2
poisson,best,1000,92422430138074.2
squared_error,best,10,92422430138074.2
absolute_error,best,10,88334329843394.9
absolute_error,random,10000,88334329843394.9
friedman_mse,random,1000,92422430138074.2
squared_error,best,1000,92974786112404.27
absolute_error,best,1000,88334329843394.9
friedman_mse,random,1,92422430138074.2
friedman_mse,random,100,92422430138074.2
squared_error,best,1000,92422430138074.2
squared_error,best,10000,92422430138074.2
absolute_error,random,10000,88334329843394.9
poisson,best,10,91788508825409.14
absolute_error,random,1000,88334329843394.9
squared_error,best,1,92030519035161.52
poisson,best,1,92422430138074.2
poisson,random,10000,92422430138074.2
poisson,best,10000,92422430138074.2
friedman_mse,random,1000,92422430138074.2
squared_error,best,1,92030519035161.52
poisson,best,1,92422430138074.2
poisson,best,10000,92422430138074.2
friedman_mse,random,10,91580493322073.7
poisson,best,10,92422430138074.2
friedman_mse,best,10000,92422430138074.2
poisson,random,10000,92422430138074.2
friedman_mse,best,100,101586065705452.06
absolute_error,best,10,88334329843394.9
poisson,best,10000,92422430138074.2
friedman_mse,random,10,92422430138074.2
poisson,random,10000,92422430138074.2
squared_error,best,10,94808357838765.23
poisson,random,100,92422430138074.2
absolute_error,best,10000,88334329843394.9
poisson,best,10000,92422430138074.2
friedman_mse,best,1000,92422430138074.2
friedman_mse,random,10000,92422430138074.2
absolute_error,random,10000,88334329843394.9
friedman_mse,best,10,92422430138074.2
squared_error,best,1000,92422430138074.2
poisson,best,10,92422430138074.2
squared_error,random,10,95491872890663.06
friedman_mse,best,10,92422430138074.2
friedman_mse,best,10,92422430138074.2
absolute_error,best,100,88334329843394.9
friedman_mse,random,10000,92422430138074.2
squared_error,random,1000,92422430138074.2
poisson,best,10000,92422430138074.2
absolute_error,random,10000,88334329843394.9
squared_error,random,1,92422430138074.2
friedman_mse,random,100,92422430138074.2
squared_error,best,10000,92422430138074.2
friedman_mse,random,10000,92422430138074.2
poisson,random,10,92422430138074.2
squared_error,best,10,92422430138074.2
poisson,best,1000,92422430138074.2
friedman_mse,random,1,92422430138074.2
absolute_error,random,10000,88334329843394.9
absolute_error,random,10,88334329843394.9
friedman_mse,best,1,92422430138074.2
absolute_error,best,1000,88334329843394.9
absolute_error,random,100,88334329843394.9
friedman_mse,random,10,92422430138074.2
poisson,random,10000,92422430138074.2
friedman_mse,best,1000,92422430138074.2
squared_error,random,1000,92422430138074.2
absolute_error,best,100,88334329843394.9
absolute_error,random,100,88334329843394.9
friedman_mse,random,1000,92422430138074.2
absolute_error,best,1,88334329843394.9
friedman_mse,best,1,92422430138074.2
friedman_mse,best,100,92422430138074.2
absolute_error,best,1,88334329843394.9
poisson,random,10,92422430138074.2
poisson,random,1,95089014335071.36
friedman_mse,random,1000,91338576271530.66
absolute_error,random,10,88334329843394.9
squared_error,random,1000,92422430138074.2
squared_error,random,1,92422430138074.2
squared_error,random,1000,92422430138074.2
squared_error,random,1000,92422430138074.2
poisson,random,1000,92422430138074.2
absolute_error,random,1000,88334329843394.9
squared_error,best,10,92422430138074.2
poisson,random,10,92422430138074.2
absolute_error,best,1000,88334329843394.9
squared_error,random,1,95089014335071.36
squared_error,random,10000,92422430138074.2
absolute_error,best,1000,89867696938827.62
friedman_mse,best,1000,92422430138074.2
squared_error,best,100,92422430138074.2
poisson,best,100,92422430138074.2
absolute_error,best,1000,88334329843394.9
absolute_error,random,10,88334329843394.9
friedman_mse,best,100,92422430138074.2
friedman_mse,random,10,92422430138074.2
squared_error,best,10000,104946821834415.2
poisson,random,100,92422430138074.2
friedman_mse,random,100,92422430138074.2
poisson,random,1000,92422430138074.2
absolute_error,random,100,88334329843394.9
poisson,random,10,92422430138074.2
absolute_error,best,10,88334329843394.9
friedman_mse,best,1000,92422430138074.2
absolute_error,best,10,88334329843394.9
friedman_mse,random,10000,92422430138074.2
squared_error,random,100,92422430138074.2
absolute_error,random,1000,88334329843394.9
poisson,best,10,92422430138074.2
poisson,best,10000,92422430138074.2
squared_error,best,1,92422430138074.2
friedman_mse,random,100,92422430138074.2
poisson,best,1,92422430138074.2
squared_error,random,100,76431907677102.77
poisson,random,1000,92422430138074.2
poisson,random,1,95089014335071.36
absolute_error,best,1,88334329843394.9
friedman_mse,best,100,92422430138074.2
poisson,best,10,92422430138074.2
squared_error,random,1000,92422430138074.2
squared_error,random,100,92422430138074.2
poisson,random,10000,92422430138074.2
absolute_error,random,10000,90278450805397.12
squared_error,random,10,92422430138074.2
friedman_mse,random,10,92422430138074.2
poisson,best,10,92422430138074.2
squared_error,random,10,92422430138074.2
squared_error,random,1000,92422430138074.2
squared_error,best,10000,92422430138074.2
poisson,best,100,92422430138074.2
friedman_mse,random,100,92422430138074.2
squared_error,best,10000,92422430138074.2
absolute_error,best,1000,88334329843394.9
poisson,best,10,92422430138074.2
poisson,best,1000,92422430138074.2
squared_error,random,10000,92422430138074.2
squared_error,random,1,92422430138074.2
squared_error,best,10,92422430138074.2
absolute_error,random,1,88334329843394.9
absolute_error,best,10,88334329843394.9
absolute_error,random,1,88334329843394.9
squared_error,best,100,92422430138074.2
absolute_error,random,100,88334329843394.9
poisson,best,10,92422430138074.2
poisson,best,10,92422430138074.2
poisson,best,100,92780091189509.3
absolute_error,best,100,88334329843394.9
friedman_mse,random,100,92422430138074.2
absolute_error,random,1,88334329843394.9
absolute_error,random,1,88334329843394.9
poisson,random,100,92422430138074.2
poisson,random,1,92422430138074.2
squared_error,best,1,92422430138074.2
absolute_error,best,1000,88334329843394.9
poisson,random,10000,92422430138074.2
poisson,best,1000,92422430138074.2
friedman_mse,random,100,92422430138074.2
poisson,random,1000,89231805830699.64
squared_error,random,10,92422430138074.2
poisson,best,100,92422430138074.2
squared_error,random,1000,92422430138074.2
poisson,random,10000,95089014335071.36
poisson,best,100,90989683744067.61
squared_error,random,10,92422430138074.2
friedman_mse,random,1,92554932170839.33
absolute_error,random,1000,88334329843394.9
poisson,best,1,92422430138074.2
absolute_error,random,1000,88334329843394.9
poisson,best,1,92422430138074.2
absolute_error,best,10,88334329843394.9
poisson,best,100,94494048379531.0
squared_error,best,100,92422430138074.2
squared_error,best,10,92422430138074.2
absolute_error,random,10,88334329843394.9
absolute_error,best,10,91836130978925.86
friedman_mse,best,10,92422430138074.2
friedman_mse,best,100,92422430138074.2
poisson,best,1,92422430138074.2
poisson,best,1,92422430138074.2
poisson,random,1,92422430138074.2
poisson,random,10000,92422430138074.2
squared_error,random,10000,92422430138074.2
absolute_error,best,100,88334329843394.9
squared_error,random,1,92422430138074.2
squared_error,best,100,92422430138074.2
poisson,random,100,92422430138074.2
squared_error,best,10,94808357838765.23
squared_error,best,1000,92974786112404.27
friedman_mse,random,1000,92422430138074.2
absolute_error,random,1000,88334329843394.9
squared_error,best,10,92422430138074.2
squared_error,random,10,92422430138074.2
absolute_error,random,1000,88334329843394.9
squared_error,random,1,92422430138074.2
friedman_mse,best,1000,92422430138074.2
friedman_mse,best,10000,92422430138074.2
poisson,best,10,92422430138074.2
squared_error,best,10,92422430138074.2
absolute_error,random,10,88334329843394.9
poisson,best,10,92422430138074.2
friedman_mse,random,10000,92422430138074.2
squared_error,random,100,92422430138074.2
friedman_mse,best,1000,92422430138074.2
friedman_mse,best,1,92422430138074.2
absolute_error,random,1,88334329843394.9
squared_error,best,1,92422430138074.2
poisson,random,1,92422430138074.2
absolute_error,best,10000,88334329843394.9
poisson,best,1000,92422430138074.2
poisson,random,10,92422430138074.2
friedman_mse,best,10000,92422430138074.2
poisson,best,100,92422430138074.2
absolute_error,best,10000,88334329843394.9
absolute_error,best,1000,88334329843394.9
friedman_mse,best,10000,92422430138074.2
absolute_error,random,10,88334329843394.9
poisson,random,1,92422430138074.2
friedman_mse,best,1,92422430138074.2
squared_error,best,100,92650669109436.9
friedman_mse,random,10000,92422430138074.2
poisson,random,10000,92422430138074.2
squared_error,best,1,92422430138074.2
absolute_error,random,100,88334329843394.9
absolute_error,best,10,88334329843394.9
friedman_mse,best,1000,87914419268552.92
poisson,best,10,92422430138074.2
absolute_error,best,10,88334329843394.9
squared_error,best,1,92422430138074.2
absolute_error,random,1000,88334329843394.9
squared_error,best,10,92422430138074.2
absolute_error,random,1000,88334329843394.9
friedman_mse,best,1000,92422430138074.2
friedman_mse,random,10000,92422430138074.2
absolute_error,random,1,88334329843394.9
poisson,best,10,92422430138074.2
poisson,best,1000,92422430138074.2
friedman_mse,random,10000,92422430138074.2
friedman_mse,best,10,92422430138074.2
absolute_error,best,1000,88334329843394.9
squared_error,best,100,92422430138074.2
poisson,best,1,92422430138074.2
absolute_error,best,10,69599116621647.53
poisson,random,100,92422430138074.2
friedman_mse,random,10000,92422430138074.2
squared_error,best,1000,92422430138074.2
absolute_error,random,1,88334329843394.9
friedman_mse,random,100,92422430138074.2
absolute_error,random,100,94280623836667.8
squared_error,random,1000,92422430138074.2
absolute_error,best,100,88783553799055.95
absolute_error,best,10000,88334329843394.9
squared_error,random,1,92422430138074.2
absolute_error,best,1000,88334329843394.9
absolute_error,best,1000,88334329843394.9
absolute_error,best,10,88334329843394.9
friedman_mse,best,100,92669513662153.14
poisson,random,10000,92422430138074.2
squared_error,random,1,92422430138074.2
squared_error,best,1,92030519035161.52
absolute_error,random,100,88334329843394.9
squared_error,best,100,92974786112404.27
friedman_mse,best,1000,92422430138074.2
squared_error,random,1,92422430138074.2
squared_error,random,1,92422430138074.2
poisson,best,10000,92422430138074.2
poisson,best,100,92422430138074.2
absolute_error,random,1000,88334329843394.9
poisson,random,100,92422430138074.2
poisson,best,1000,92422430138074.2
friedman_mse,random,10,92422430138074.2
squared_error,best,100,92422430138074.2
poisson,best,10000,92422430138074.2
squared_error,random,10000,92422430138074.2
absolute_error,best,1000,88334329843394.9
absolute_error,best,10000,88334329843394.9
absolute_error,random,100,88334329843394.9
friedman_mse,random,1000,92422430138074.2
squared_error,best,100,92422430138074.2
poisson,best,10,90748777133927.28
poisson,random,100,92422430138074.2
absolute_error,random,100,60072764335684.84
poisson,best,100,92937135007367.36
squared_error,best,100,92422430138074.2
poisson,best,1,92422430138074.2
squared_error,random,10,92422430138074.2
absolute_error,random,1,88334329843394.9
poisson,random,10,92422430138074.2
squared_error,random,10,92422430138074.2
absolute_error,random,1,88334329843394.9
friedman_mse,random,10000,91338576271530.66
friedman_mse,random,100,92422430138074.2
absolute_error,random,1,88334329843394.9
absolute_error,random,1000,88334329843394.9
absolute_error,random,10000,88334329843394.9
friedman_mse,best,1,92422430138074.2
friedman_mse,random,1000,92422430138074.2
squared_error,best,1,92422430138074.2
absolute_error,random,1,88334329843394.9
absolute_error,best,100,88334329843394.9
friedman_mse,random,1000,92422430138074.2
poisson,random,1000,92422430138074.2
friedman_mse,best,10000,92422430138074.2
friedman_mse,random,100,92422430138074.2
poisson,best,10,92422430138074.2
poisson,best,1000,92422430138074.2
squared_error,random,1,92422430138074.2
absolute_error,random,10000,88334329843394.9
absolute_error,random,1,88334329843394.9
poisson,best,100,92422430138074.2
friedman_mse,best,100,92422430138074.2
poisson,random,10,92422430138074.2
squared_error,random,1,92422430138074.2
friedman_mse,random,10000,92422430138074.2
friedman_mse,best,10,92422430138074.2
absolute_error,best,1,88334329843394.9
squared_error,best,100,92422430138074.2
squared_error,random,1,92422430138074.2
squared_error,best,10000,92422430138074.2
squared_error,best,100,92422430138074.2
friedman_mse,random,1,92422430138074.2
friedman_mse,best,1,92422430138074.2
friedman_mse,random,100,92422430138074.2
poisson,best,1,92422430138074.2
poisson,best,10,92422430138074.2
absolute_error,best,10000,69599116621647.53
poisson,best,10000,92422430138074.2
absolute_error,best,1000,88334329843394.9
friedman_mse,best,1,92422430138074.2
friedman_mse,random,1,92422430138074.2
friedman_mse,best,10000,92422430138074.2
absolute_error,best,10,88334329843394.9
friedman_mse,best,10,92422430138074.2
poisson,best,100,92422430138074.2
absolute_error,best,10,88334329843394.9
squared_error,random,100,92422430138074.2
absolute_error,random,10,88334329843394.9
squared_error,best,10000,92422430138074.2
friedman_mse,random,10,92422430138074.2
absolute_error,best,10000,88334329843394.9
absolute_error,best,1000,88334329843394.9
squared_error,best,10000,94808357838765.23
poisson,best,10,92422430138074.2
absolute_error,best,100,88334329843394.9
absolute_error,random,1,88334329843394.9
absolute_error,random,100,94583553269743.05
squared_error,random,1,92422430138074.2
friedman_mse,best,10,92422430138074.2
squared_error,random,10000,92422430138074.2
poisson,best,10000,92780091189509.3
squared_error,random,10000,92422430138074.2
friedman_mse,best,1000,92422430138074.2
absolute_error,best,10000,97697010611068.5
poisson,best,10,92422430138074.2
squared_error,best,1,92422430138074.2
friedman_mse,random,1000,92422430138074.2
poisson,best,10,92422430138074.2
absolute_error,best,100,88334329843394.9
absolute_error,random,100,88334329843394.9
absolute_error,random,10,88334329843394.9
absolute_error,random,10,88334329843394.9
friedman_mse,best,10000,92422430138074.2
squared_error,random,1000,92422430138074.2
friedman_mse,best,1000,92422430138074.2
poisson,best,10,92422430138074.2
poisson,random,10000,92422430138074.2
friedman_mse,best,10,92422430138074.2
friedman_mse,best,10000,92422430138074.2
absolute_error,best,10,88334329843394.9
absolute_error,best,1,89844576999170.7
friedman_mse,random,1000,92422430138074.2
absolute_error,best,10000,88334329843394.9
absolute_error,best,1000,88334329843394.9
absolute_error,best,10000,88334329843394.9
friedman_mse,random,10,92422430138074.2
absolute_error,best,10,88334329843394.9
poisson,best,100,92422430138074.2
friedman_mse,best,10000,92422430138074.2
friedman_mse,best,10,92422430138074.2
squared_error,random,1,92422430138074.2
poisson,best,10000,92422430138074.2
absolute_error,random,10000,94280623836667.8
poisson,best,100,92422430138074.2
absolute_error,best,1000,88334329843394.9
squared_error,random,100,92422430138074.2
squared_error,random,10,95491872890663.06
poisson,best,10000,92422430138074.2
absolute_error,best,100,88334329843394.9
friedman_mse,best,100,92422430138074.2
absolute_error,best,1000,88334329843394.9
absolute_error,random,100,88334329843394.9
friedman_mse,best,10000,92422430138074.2
squared_error,random,1000,92422430138074.2
squared_error,best,10,92422430138074.2
poisson,best,100,92422430138074.2
absolute_error,random,1000,88334329843394.9
poisson,best,10000,92422430138074.2
friedman_mse,best,1,92422430138074.2
friedman_mse,random,10,92422430138074.2
absolute_error,random,100,88334329843394.9
squared_error,random,1000,92422430138074.2
squared_error,random,10000,92422430138074.2
absolute_error,best,1000,88334329843394.9
poisson,random,1,92422430138074.2
poisson,best,1000,92422430138074.2
squared_error,random,1,95089014335071.36
absolute_error,best,1000,88334329843394.9
poisson,best,1000,92422430138074.2
absolute_error,best,10000,88334329843394.9
friedman_mse,best,10,92422430138074.2
friedman_mse,best,1000,92422430138074.2
poisson,best,10000,92422430138074.2
absolute_error,random,10000,88334329843394.9
poisson,best,1000,92422430138074.2
absolute_error,random,10000,88334329843394.9
friedman_mse,random,10000,92422430138074.2
poisson,best,10000,92422430138074.2
squared_error,random,100,92422430138074.2
poisson,best,10000,92422430138074.2
poisson,random,1000,92422430138074.2
squared_error,random,1,92422430138074.2
poisson,random,1000,92422430138074.2
absolute_error,random,1,88334329843394.9
squared_error,best,100,92422430138074.2
friedman_mse,random,100,92422430138074.2
friedman_mse,best,1000,92422430138074.2
friedman_mse,random,100,92422430138074.2
absolute_error,best,100,88334329843394.9
absolute_error,best,1,88334329843394.9
squared_error,random,1,92422430138074.2
poisson,best,10,92422430138074.2
squared_error,random,1,92422430138074.2
friedman_mse,best,1,92422430138074.2
poisson,random,1000,92422430138074.2
squared_error,best,10,92422430138074.2
absolute_error,random,100,88334329843394.9
absolute_error,best,10,97697010611068.5
poisson,random,1,95089014335071.36
friedman_mse,random,10000,92422430138074.2
absolute_error,best,10,86764241659527.67
poisson,best,10,92422430138074.2
friedman_mse,random,100,92422430138074.2
squared_error,random,10,92422430138074.2
squared_error,best,1,92422430138074.2
absolute_error,best,10000,88334329843394.9
squared_error,random,10000,92422430138074.2
absolute_error,best,100,88334329843394.9
squared_error,best,10000,92422430138074.2
friedman_mse,best,10,92422430138074.2
poisson,random,1000,92422430138074.2
poisson,best,1000,92422430138074.2
squared_error,random,10,92422430138074.2
absolute_error,best,100,88334329843394.9
squared_error,random,10,92422430138074.2
absolute_error,best,10,88334329843394.9
absolute_error,random,10000,88334329843394.9
friedman_mse,best,10000,92422430138074.2
poisson,best,10000,92422430138074.2
absolute_error,random,1000,88334329843394.9
absolute_error,random,10,88334329843394.9
squared_error,best,10000,92422430138074.2
absolute_error,random,1,88334329843394.9
poisson,random,1000,93890316971818.94
absolute_error,random,100,88334329843394.9
squared_error,best,100,92422430138074.2
poisson,random,1,95089014335071.36
friedman_mse,random,10,92422430138074.2
poisson,best,10000,92422430138074.2
squared_error,best,100,92422430138074.2
poisson,random,1000,92422430138074.2
absolute_error,best,1,88334329843394.9
absolute_error,best,10,88334329843394.9
friedman_mse,random,100,95730656570147.61
absolute_error,random,10000,88334329843394.9
absolute_error,best,10000,94405589087772.2
absolute_error,best,10,88334329843394.9
friedman_mse,random,1000,92422430138074.2
poisson,random,1000,92422430138074.2
poisson,best,10000,92422430138074.2
absolute_error,best,10000,88334329843394.9
absolute_error,random,1000,88334329843394.9
absolute_error,random,10,88334329843394.9
squared_error,best,10000,94808357838765.23
poisson,best,1000,92422430138074.2
poisson,random,10,92422430138074.2
poisson,best,10000,92422430138074.2
squared_error,random,1,92422430138074.2
poisson,random,10000,92422430138074.2
squared_error,best,1,92422430138074.2
friedman_mse,best,1000,92422430138074.2
poisson,random,10,95079679141175.67
friedman_mse,best,1,92422430138074.2
squared_error,random,10,92422430138074.2
poisson,random,1,92422430138074.2
friedman_mse,random,1000,92422430138074.2
squared_error,best,10,94808357838765.23
friedman_mse,random,10000,92422430138074.2
friedman_mse,best,1,92498452443421.28
poisson,random,1000,92422430138074.2
poisson,random,10000,92422430138074.2
absolute_error,best,1000,92234942317509.55
friedman_mse,best,1000,91104808998633.81
absolute_error,best,1000,88334329843394.9
squared_error,random,10,92422430138074.2
absolute_error,random,1000,88334329843394.9
squared_error,random,100,92422430138074.2
squared_error,random,10,92422430138074.2
absolute_error,best,1000,86764241659527.67
squared_error,random,100,92422430138074.2
poisson,best,1,92422430138074.2
absolute_error,random,10000,94280623836667.8
friedman_mse,random,1,92422430138074.2
absolute_error,best,100,89867696938827.62
absolute_error,random,10000,88334329843394.9
squared_error,random,1,92422430138074.2
squared_error,random,1000,92422430138074.2
squared_error,best,1,92422430138074.2
absolute_error,random,100,88334329843394.9
absolute_error,best,1000,88334329843394.9
friedman_mse,best,1000,92422430138074.2
friedman_mse,random,1000,92422430138074.2
friedman_mse,random,1,92422430138074.2
poisson,random,10,92422430138074.2
absolute_error,best,1,88334329843394.9
absolute_error,best,100,88334329843394.9
poisson,random,10000,92422430138074.2
friedman_mse,random,10000,93295756990623.55
absolute_error,best,1,88334329843394.9
poisson,random,100,92422430138074.2
poisson,random,10,92422430138074.2
poisson,best,1000,92422430138074.2
poisson,random,1000,92422430138074.2
absolute_error,random,100,88334329843394.9
absolute_error,random,1000,88334329843394.9
absolute_error,best,1,88334329843394.9
absolute_error,best,100,88334329843394.9
squared_error,random,1000,92422430138074.2
poisson,random,10,85588851069982.89
absolute_error,best,10,88334329843394.9
squared_error,best,1000,92422430138074.2
squared_error,best,10000,92422430138074.2
friedman_mse,best,100,92422430138074.2
absolute_error,random,10,98396141833516.7
squared_error,best,1,92030519035161.52
poisson,random,1000,92422430138074.2
friedman_mse,best,10,92422430138074.2
absolute_error,random,1000,88334329843394.9
squared_error,best,100,92422430138074.2
friedman_mse,random,10,92422430138074.2
friedman_mse,random,1000,92422430138074.2
friedman_mse,random,1000,92422430138074.2
friedman_mse,best,10000,92422430138074.2
poisson,random,1000,92422430138074.2
squared_error,best,1000,92422430138074.2
squared_error,random,1000,92422430138074.2
absolute_error,random,10,88334329843394.9
absolute_error,best,1,88334329843394.9
squared_error,random,100,92422430138074.2
poisson,best,1,92422430138074.2
poisson,best,10000,92422430138074.2
poisson,random,1000,92422430138074.2
poisson,best,10000,92422430138074.2
poisson,best,10000,92422430138074.2
friedman_mse,best,1000,92422430138074.2
squared_error,best,1,92422430138074.2
squared_error,random,1,92422430138074.2
squared_error,best,100,92422430138074.2
absolute_error,best,100,88334329843394.9
squared_error,random,100,92422430138074.2
absolute_error,best,10000,88334329843394.9
poisson,random,100,92422430138074.2
friedman_mse,random,10000,92422430138074.2
friedman_mse,best,1000,92422430138074.2
friedman_mse,best,1,92422430138074.2
squared_error,best,10000,92422430138074.2
friedman_mse,random,100,92422430138074.2
poisson,best,1000,92422430138074.2
friedman_mse,best,10000,92422430138074.2
friedman_mse,best,1,92422430138074.2
squared_error,best,1000,92422430138074.2
absolute_error,random,10000,88334329843394.9
friedman_mse,best,1000,92422430138074.2
poisson,best,1,92422430138074.2
friedman_mse,random,10,92422430138074.2
squared_error,random,1000,92422430138074.2
poisson,random,10,92422430138074.2
absolute_error,best,1,88334329843394.9
poisson,random,1,92422430138074.2
friedman_mse,best,10000,92422430138074.2
absolute_error,random,1,88334329843394.9
squared_error,random,1,92422430138074.2
squared_error,random,1,92422430138074.2
friedman_mse,random,1,92422430138074.2
friedman_mse,random,10,92422430138074.2
squared_error,random,1000,92422430138074.2
friedman_mse,best,10,92422430138074.2
poisson,best,10000,92422430138074.2
squared_error,random,10,92422430138074.2
squared_error,random,10,92422430138074.2
absolute_error,random,1000,88334329843394.9
poisson,best,1000,92422430138074.2
poisson,random,10000,92422430138074.2
absolute_error,random,10,88334329843394.9
poisson,best,1,92422430138074.2
friedman_mse,random,10000,92422430138074.2
absolute_error,best,1000,88334329843394.9
squared_error,random,10,92422430138074.2
friedman_mse,best,10,92422430138074.2
