N_estimators,max_features,Max_depth,Min_samples_leaf,Min_samples_split,bootstrap,Error-
729,log2,209,27,17,True,781.7820880764029
285,sqrt,45,8,8,True,467.75795541168134
500,log2,287,14,7,True,596.6215639758041
105,,211,46,5,False,496.2610857338692
723,sqrt,179,30,18,True,824.6871890082776
206,,139,49,2,True,571.1738630452791
119,,136,47,20,True,569.5481226399113
748,sqrt,188,11,17,True,524.5292618783809
396,log2,198,41,17,False,811.6655951463754
97,log2,143,18,5,False,552.203192373082
397,sqrt,153,30,12,True,823.0389141138444
314,sqrt,201,17,19,True,626.087570112098
306,sqrt,121,50,19,False,919.5740674318597
663,,159,28,9,True,416.4430461162729
702,log2,224,37,5,False,751.5670446352842
526,sqrt,9,19,15,True,663.3357753962621
680,sqrt,94,47,4,False,891.5237911946153
261,,173,44,18,True,565.0547926010705
634,,101,32,7,False,352.31651605016884
473,,214,21,16,True,321.9967701194782
568,sqrt,178,5,4,True,397.30361671000776
657,log2,29,3,15,True,390.50135034309295
262,log2,236,45,9,True,985.0392398352941
367,sqrt,173,23,19,True,731.8386843479872
273,,3,7,4,True,495.94453664270196
629,sqrt,44,38,19,True,915.3689307818099
253,log2,4,27,3,False,797.544823355139
150,sqrt,232,7,5,True,463.4999077593815
66,sqrt,291,15,16,True,630.4803846105042
622,log2,172,43,9,False,814.286505842243
627,sqrt,69,16,4,True,599.1503932477999
617,sqrt,283,45,19,True,996.0041843712636
498,sqrt,126,25,8,False,654.1130232450517
720,log2,168,25,20,True,753.2297497980011
566,,44,8,12,False,309.5241905169924
717,,238,6,20,True,273.83316270002763
537,,83,3,2,True,225.03317992906577
323,sqrt,197,40,9,False,786.6826872327679
771,sqrt,101,11,17,False,465.21745090787806
112,sqrt,93,10,14,True,521.550375994563
543,sqrt,197,32,3,False,731.579546386608
347,sqrt,18,8,8,True,467.56291759778486
16,,151,10,10,True,292.67763345283055
219,sqrt,47,18,10,False,558.1802608693467
443,log2,191,21,3,True,703.491659984977
354,sqrt,153,26,20,False,671.06609319056
256,log2,280,20,16,False,545.887862284088
584,sqrt,187,4,10,False,357.2658283713333
488,,30,47,15,False,500.5911780723924
285,,182,37,14,True,532.4816909804852
584,,108,14,17,False,322.55719414854104
68,,26,43,12,True,562.5210082647567
624,log2,238,14,10,True,586.7828795017941
31,log2,45,43,8,True,948.6830767510177
513,sqrt,222,24,20,True,726.883239078078
173,log2,160,8,11,True,482.64093623865296
294,log2,23,34,9,True,879.6524715765818
442,,112,39,9,True,547.342337979124
206,,178,35,10,False,373.3235823728647
365,sqrt,239,31,15,False,737.8217750803063
789,,162,41,20,False,488.19334161786264
97,sqrt,109,43,7,False,881.0051674569837
544,sqrt,67,33,9,False,740.4148508267311
487,sqrt,136,11,18,False,466.5840116204771
298,,192,15,13,False,317.32471532634764
509,log2,139,36,3,False,740.7952850475351
685,,24,13,7,True,304.51072316729653
78,,82,35,17,False,373.32358237286235
536,log2,53,34,12,False,747.700667527406
453,,46,49,18,True,572.1910288049678
463,sqrt,218,30,8,False,718.5649661156766
407,sqrt,195,23,12,False,634.168715260579
171,,174,39,7,True,547.595389039949
605,sqrt,33,30,12,True,819.1965364442124
392,sqrt,48,28,2,False,700.3064191355578
701,sqrt,283,37,12,True,906.5870892843066
505,,152,4,15,False,255.29558511103903
474,sqrt,270,18,18,False,555.2078128301835
443,,151,38,20,True,541.6678859005139
443,log2,262,43,14,True,975.2109124446636
686,sqrt,144,35,10,False,754.6559138814883
586,sqrt,121,2,8,False,336.77062627993325
275,sqrt,181,22,10,False,609.287014358039
664,log2,167,29,17,False,700.9791285387241
768,sqrt,12,46,13,False,861.7722192441043
390,log2,188,44,12,True,988.037701122209
489,,202,10,19,False,305.0162862574404
728,,276,39,12,False,382.58239351730174
111,sqrt,118,14,16,False,500.38496974748716
546,,204,14,3,True,307.83625593944225
184,,129,18,16,False,325.96078731718234
470,,11,38,19,False,382.5823935173063
565,,169,48,18,False,498.46747052760406
225,,281,8,10,True,280.3411802378185
448,sqrt,143,46,8,False,865.2641620773713
26,,118,44,5,True,564.5252395035884
35,sqrt,204,30,2,True,828.8601522952351
736,,196,28,14,True,416.8043942883743
740,sqrt,230,31,5,True,837.9579216090818
24,,271,4,15,True,253.5363557455201
370,,222,17,13,False,324.1150845587298
113,,293,18,2,False,325.96078731718325
729,,79,18,3,False,325.9607873171817
515,,6,6,11,False,353.3524831201265
304,log2,30,31,8,False,728.6606783483405
561,log2,138,20,13,False,560.6937327459549
116,log2,77,47,13,False,960.3749219796953
88,,167,33,16,True,500.94424505791034
372,sqrt,60,39,3,True,939.9548432800889
369,sqrt,21,28,7,True,799.2512794546296
625,sqrt,96,15,3,False,511.00962187958737
415,log2,209,40,13,False,784.9563237404234
487,log2,187,13,10,True,568.4854021121862
238,,286,21,2,True,322.2498364890799
204,,142,25,13,False,343.36008967359425
699,log2,110,3,11,True,371.59747913057754
797,,86,44,12,True,566.5027410698084
321,sqrt,284,21,2,False,588.572659142572
568,sqrt,105,26,19,False,665.1216804649976
378,sqrt,191,25,13,True,747.3777648375982
444,log2,242,24,12,False,643.3578531049484
661,,187,49,18,False,498.46747052760463
586,log2,235,26,3,False,665.1433362934016
148,,242,15,12,True,308.55156977838044
582,log2,89,46,8,True,1006.5170789033177
24,sqrt,202,16,19,False,551.0898497220704
195,log2,145,25,16,False,671.2032339175314
102,sqrt,254,3,17,True,406.53757472608663
723,,191,2,5,False,239.9464358736042
146,,13,33,5,True,496.13346807680455
785,log2,234,23,7,False,625.3336357615874
161,log2,172,3,6,False,340.60353097165
345,,288,10,9,False,305.0162862574402
155,log2,203,35,7,True,927.7132619888949
17,sqrt,266,43,7,False,862.2209776919073
63,log2,239,17,5,True,640.2881671674488
383,sqrt,27,27,18,True,778.8437867010102
10,log2,146,4,13,True,450.9149900232594
18,log2,69,37,11,False,711.6919455408155
600,sqrt,282,34,6,True,871.2984579278923
210,sqrt,107,18,4,True,662.1561314180085
350,,81,8,9,False,309.5241905169911
254,sqrt,156,25,6,True,730.3417538816323
255,log2,114,19,6,False,559.8180886028783
272,sqrt,45,8,15,False,423.8772705625326
389,,259,35,19,False,373.3235823728588
626,,278,48,10,False,498.46747052760486
191,sqrt,137,26,7,True,763.3268629578046
634,log2,267,38,13,False,759.8263306690392
337,sqrt,115,12,12,True,546.952710054421
241,sqrt,158,50,15,False,907.4410226798065
674,sqrt,157,17,7,True,622.432157148208
311,,248,21,2,True,322.19954066492585
714,log2,214,33,4,False,740.9478721983223
779,log2,81,42,18,True,961.8153062951023
784,sqrt,240,28,18,False,682.6350579535748
265,,51,30,4,False,334.36153222792103
169,,3,37,4,False,552.1729682299166
212,sqrt,54,8,12,True,477.75399439425445
727,log2,211,31,3,False,726.1488738352502
276,sqrt,263,43,3,False,820.6271931469958
694,log2,34,10,13,False,458.6839434566482
304,log2,62,45,19,True,993.1827399199301
556,log2,70,12,17,False,478.9957616273757
346,,58,1,15,True,246.91165036191254
639,,39,15,17,True,310.6877811960605
181,sqrt,52,20,13,False,547.4945727360887
274,,8,25,12,False,344.7192136549393
592,,197,42,13,False,488.1933416178649
290,log2,182,15,3,True,590.8646848261757
721,log2,70,5,14,True,408.8167033957688
370,,13,32,7,False,352.3165160501678
629,log2,40,21,3,False,587.2315801099974
340,,32,11,18,False,306.1982897980837
324,,45,43,18,False,488.1933416178696
200,sqrt,200,6,17,False,396.59330533752757
385,,57,29,10,True,430.16440470051947
103,log2,44,6,9,True,430.3804149838107
203,,114,22,14,True,327.525807639207
524,sqrt,247,36,7,False,738.6793151912685
773,sqrt,196,44,16,True,986.4267749391513
192,,59,8,7,True,280.41458868637096
152,,20,41,19,False,488.1933416178681
125,,,30,11,False,334.36153222791893
36,sqrt,86,1,10,False,348.4939530630217
202,sqrt,267,47,2,True,1032.7245659842542
555,sqrt,249,10,5,True,501.32932178958487
399,log2,117,34,3,True,877.1808371534538
423,,119,28,12,False,341.35040567169005
116,sqrt,142,29,14,False,712.2183753160756
789,,8,9,12,False,320.4906118646243
625,,24,32,6,True,476.58304672236744
491,sqrt,72,13,14,True,568.7855844053981
64,,1,40,12,True,1339.4965307143339
17,,213,9,5,True,289.5370380283564
135,log2,241,43,18,True,1004.9834484562293
628,log2,262,8,15,True,462.27786869366435
67,log2,182,46,6,False,902.6755648590312
774,sqrt,61,48,5,True,1034.7255755392953
632,log2,59,9,7,True,478.99812795703497
105,log2,233,13,18,True,629.389087694355
59,sqrt,118,23,15,False,671.186972762953
307,log2,123,11,7,False,478.1810904486296
587,sqrt,96,8,19,True,457.7271590595078
576,log2,113,6,20,False,400.3422835598297
158,,220,14,3,False,322.5571941485418
323,log2,5,23,16,True,778.0306858367604
363,log2,99,27,16,False,681.0355070670204
607,,202,20,4,False,328.43441348085855
405,sqrt,209,42,17,True,969.1724610802505
468,sqrt,250,9,9,True,479.65828944860095
217,sqrt,194,35,3,True,902.4928020171326
408,sqrt,8,30,18,True,823.351705932456
71,,267,49,20,False,498.46747052760475
179,log2,278,42,11,False,840.4693930386674
362,sqrt,154,40,16,True,940.5566662343998
533,sqrt,155,36,6,False,738.4721407405539
781,sqrt,284,46,13,True,1015.2214909389688
154,sqrt,25,42,20,False,850.250792208986
117,sqrt,252,14,10,True,634.0561242120082
646,,7,12,17,False,354.00824216325543
709,sqrt,61,37,14,True,905.9100866771806
188,sqrt,207,7,9,True,453.4733981394026
524,log2,164,44,15,True,975.7936953763392
208,sqrt,215,38,16,True,923.2919658577655
794,,175,2,17,True,254.46922181177285
87,,142,39,2,True,548.511536858645
348,log2,276,38,8,False,771.2520431302227
707,log2,177,1,11,True,353.44351114503144
398,,70,37,5,True,532.3066281189865
776,,252,42,10,False,488.19334161786253
685,sqrt,,36,4,False,746.6079463142526
418,log2,277,40,14,False,784.0827586086825
664,sqrt,291,49,8,False,907.0197174500103
172,,158,50,8,True,572.7996832266764
210,log2,296,50,16,True,1063.956952505709
305,sqrt,201,13,13,True,587.6127525298274
700,,99,6,6,True,266.45374871476895
259,sqrt,103,31,3,True,822.8000418292406
622,sqrt,110,17,13,False,549.3721832788929
704,log2,257,42,10,False,817.6059631648368
535,log2,53,10,16,False,456.7777467534313
361,log2,27,46,5,True,1016.207922410621
136,log2,119,40,13,False,806.0410140384613
494,sqrt,39,21,12,False,585.7427963943535
638,sqrt,103,13,2,True,562.7519476389939
413,sqrt,168,14,9,False,492.2721912071856
37,sqrt,197,28,9,True,749.2130715459161
243,,186,15,8,False,317.3247153263476
421,sqrt,275,32,17,True,842.3958595182758
537,sqrt,178,32,15,True,841.5500148356605
430,sqrt,175,25,15,False,665.581018073199
466,log2,249,32,12,True,836.1369678095217
480,log2,250,9,8,True,480.23587326321564
404,,134,50,7,True,573.5832183191444
65,,7,19,17,True,326.4106966754536
491,log2,300,47,6,False,889.2929842530835
323,sqrt,41,13,3,True,589.9365793994134
47,,164,23,15,False,330.6665626911906
779,log2,275,8,8,False,423.34194036866705
150,log2,175,10,5,True,524.2779237475229
167,log2,148,46,7,False,909.3276389509379
306,,3,34,3,True,639.1925198022122
711,sqrt,55,50,3,False,904.6649728567406
657,sqrt,142,40,2,False,785.8406329493747
90,log2,56,18,2,True,659.534267530639
124,,36,21,3,True,321.04271843484116
90,log2,176,40,4,False,793.3422637698246
540,log2,71,30,2,False,717.0816995442459
274,log2,300,6,19,False,397.14216821161324
167,sqrt,239,40,13,True,951.6858497429267
65,,247,28,14,True,421.9361777236427
376,log2,298,5,2,False,370.12444682354754
500,,61,18,9,False,325.9607873171799
240,,96,45,15,True,566.3017892290146
559,,103,43,19,True,564.8651134296928
29,,300,19,2,True,324.48472629397907
239,sqrt,128,28,2,False,684.6818539310685
114,sqrt,32,13,17,True,622.3347620864149
587,sqrt,268,24,20,False,637.821630140576
563,,198,13,11,True,304.398403234152
329,log2,198,43,19,False,825.0901817329016
461,sqrt,96,45,19,False,843.6935733696479
610,log2,69,14,7,False,490.71918292150644
654,,32,35,10,True,513.5527155133434
319,log2,158,23,10,False,630.5971229672501
695,,82,35,8,True,513.2333448992698
460,sqrt,156,1,10,True,349.64485732487395
94,sqrt,67,2,19,False,380.77399447748644
598,log2,167,43,12,False,811.8623951148029
267,,60,37,15,False,375.419239831987
390,sqrt,119,15,6,False,516.7030445107054
269,sqrt,241,35,5,False,737.5358708520832
276,log2,2,24,18,True,1224.3190197907386
99,,231,7,5,True,275.6070322820799
165,log2,207,50,8,False,946.9336822858251
306,log2,226,22,6,False,609.0673350746276
487,log2,71,37,9,True,899.0554522155618
684,sqrt,89,14,8,False,495.78788809924947
181,sqrt,118,29,19,True,825.4722071098956
538,sqrt,288,35,20,True,883.4755020921698
463,,51,6,2,False,276.7544853091477
95,log2,65,22,11,True,714.997167468289
297,log2,257,17,12,True,625.0978113577421
368,sqrt,142,8,3,True,467.6739787134025
67,sqrt,275,6,11,False,392.2328123238466
394,,53,1,17,True,253.42113466073408
467,sqrt,41,21,17,True,700.0637034874819
47,,113,23,5,True,329.46494931536836
682,log2,246,8,10,False,424.89110535260147
138,log2,85,39,3,False,792.1466933778604
538,,268,27,10,True,394.7074815359307
680,sqrt,254,1,12,True,358.38793010117956
208,log2,215,5,7,False,377.27714814052354
9,sqrt,246,19,16,False,603.696164817692
186,,289,1,7,True,215.02915536789317
608,,75,18,17,True,317.2142510543373
109,sqrt,46,19,14,True,706.7791155111456
302,log2,242,34,6,False,743.0457776185
339,sqrt,148,40,14,True,943.2382738948464
100,sqrt,249,18,3,False,555.1468680718244
141,log2,27,15,11,False,511.6667013963183
10,,150,22,15,False,329.3556407859213
87,log2,290,44,14,True,998.3526476957393
36,,244,3,11,True,241.9443601172215
210,,258,3,15,False,257.272889632618
331,,297,24,9,False,329.60520046486454
732,,164,9,2,False,302.48890536077795
573,log2,249,31,15,True,832.3734185703221
333,,127,11,9,True,296.8623898992986
40,log2,237,11,11,True,543.5753560823994
324,,22,26,13,False,344.0308246494707
557,log2,28,4,10,False,356.5470916754206
300,log2,230,38,20,False,765.1620603480571
227,sqrt,46,1,10,True,348.20693751237354
485,,298,34,3,False,356.2636806208451
566,log2,102,2,11,True,354.47547976480104
241,,213,2,14,False,251.50754272487967
158,sqrt,261,15,19,True,602.5139832729988
726,log2,163,14,13,True,587.3493720762966
295,log2,39,10,13,False,456.8600461313181
75,log2,229,44,9,True,988.2035248204966
674,log2,122,40,11,True,943.0279130109118
193,,151,18,2,False,325.96078731718217
585,sqrt,133,6,14,False,382.6001252073285
15,,206,13,13,True,303.88471717622286
320,log2,38,5,12,False,377.68182446404603
590,sqrt,260,1,2,False,299.97299766870407
58,log2,280,28,6,False,688.6103220389467
423,sqrt,261,30,20,False,725.427680619456
375,sqrt,17,9,2,True,482.43964449004346
751,log2,47,35,12,False,751.4942383176539
527,log2,272,17,14,True,619.7856496160337
419,,168,31,9,False,346.29498377499743
407,,84,20,19,False,328.43441348085616
484,sqrt,186,21,16,False,588.1567617795965
586,,168,31,15,False,346.29498377499925
200,,43,29,19,True,433.1775800820297
620,,183,15,8,False,317.3247153263431
160,log2,70,8,9,False,428.4248870787088
323,log2,255,38,10,False,773.2889347183873
519,log2,110,8,7,False,424.9880100777551
474,log2,109,16,17,False,526.0071682161301
315,sqrt,300,20,18,False,551.5909223319542
45,sqrt,151,22,3,True,713.7319626560877
326,sqrt,268,32,10,False,734.5007129469559
759,,239,30,4,True,448.65681187769974
782,log2,275,42,16,False,815.4196608081323
171,sqrt,137,24,12,True,738.6767079319508
402,,88,44,4,False,488.19334161786895
584,,245,11,6,False,306.19828979808176
144,sqrt,259,42,19,False,851.8369428718056
149,log2,45,43,11,False,858.178773401604
681,log2,297,27,10,True,786.8444772020148
292,log2,224,36,14,False,736.6109850145187
316,log2,274,26,3,True,761.5406133309083
150,sqrt,72,13,15,True,613.8859453424126
769,log2,219,17,16,True,618.7048273925957
315,log2,144,43,10,False,824.2652158478272
632,sqrt,78,45,11,True,994.312207818108
97,log2,224,31,16,True,834.7182670038496
234,sqrt,116,40,5,True,934.2756537652958
669,,217,22,20,True,327.56628995909676
125,sqrt,36,40,4,True,979.2196539258841
783,sqrt,13,33,18,False,741.3841454619142
751,,247,1,7,False,254.13001022304795
132,,206,40,19,False,383.2445956008731
309,sqrt,199,44,12,False,847.6931813415089
700,,60,8,11,True,280.0864120277507
618,sqrt,69,42,10,True,960.5939944353313
760,log2,268,22,4,False,618.0941356291257
22,log2,55,37,19,True,969.6432295878353
70,sqrt,181,49,20,False,934.4516877026836
480,,21,12,19,False,306.06487533608356
187,sqrt,85,45,9,True,1004.1628667401623
724,sqrt,82,14,11,False,497.62332643101735
565,log2,290,21,20,True,700.3242734806455
453,sqrt,133,29,7,True,809.3834526644074
177,,89,13,14,True,304.2416648648818
216,,74,30,18,False,334.36153222791995
267,log2,200,7,20,False,416.2040074400186
291,sqrt,37,21,5,True,701.264579387213
262,sqrt,98,22,9,False,606.8606081873697
693,,262,6,19,True,272.3427219203954
202,,280,38,9,True,541.945789451649
131,sqrt,101,31,11,True,850.4760363556875
751,log2,294,30,7,True,824.6730967729472
773,log2,130,10,19,False,459.55983960379
619,log2,198,25,15,True,748.9098066576167
113,sqrt,108,17,18,False,555.1627268252316
221,log2,218,40,5,True,932.8756916768342
630,,64,5,12,True,254.24939680191582
696,sqrt,57,14,4,True,586.4993144909702
65,sqrt,145,36,15,True,910.9533865048567
360,log2,166,23,3,True,729.4976829068084
212,,141,37,3,False,375.4192398319878
477,log2,249,48,13,False,898.0047131388108
571,log2,269,13,10,False,491.4349386276058
187,log2,236,45,3,False,882.221055873493
28,sqrt,264,27,3,False,662.9455758384945
666,log2,208,18,12,True,641.9151960759763
75,,159,30,15,True,453.3254012330108
404,,216,34,15,False,356.2636806208443
717,log2,207,10,10,True,507.04364152278015
518,log2,41,26,17,True,753.0848602558201
190,,19,46,7,True,568.6329551701931
278,log2,37,34,9,True,875.4410038367845
521,log2,166,35,14,False,746.9940109056072
16,log2,235,29,7,True,878.4917602787845
403,,266,25,3,False,343.3600896735934
73,sqrt,233,42,8,True,996.0597813616746
795,,180,37,17,False,375.4192398319798
645,sqrt,209,45,18,False,840.6626342223174
260,,30,7,18,False,275.7940769429599
444,log2,13,44,20,True,988.8505198264849
234,,80,22,10,False,329.3556407859219
43,log2,136,35,8,False,745.4066073968091
47,log2,300,4,10,True,390.07613458876256
338,sqrt,179,22,16,True,715.9524875742107
558,sqrt,133,33,15,False,741.4217551175875
256,,163,42,15,False,488.19334161786963
487,,169,11,10,True,296.6483001243069
162,log2,261,41,20,True,973.7910402485919
552,log2,78,38,10,True,919.1861768815311
642,sqrt,47,31,14,True,839.1405997128023
14,log2,227,46,8,False,982.2261634519115
613,log2,27,19,5,False,564.9967966528748
633,,140,24,18,False,329.605200464861
402,,287,36,16,True,522.216389639879
37,sqrt,252,27,13,False,675.4239923403062
87,sqrt,27,18,19,True,664.496747456998
495,sqrt,176,40,11,False,782.4664589363223
392,log2,5,35,14,True,906.9358634462443
536,log2,103,37,20,True,903.7748442251266
662,log2,160,33,5,False,744.0409902044299
784,,297,49,3,True,572.3273587990843
381,,295,1,17,False,268.1771392219142
400,log2,26,40,5,True,941.7720487024224
439,log2,30,36,14,False,748.2269224929203
267,log2,194,37,17,False,749.5007731623042
165,log2,237,32,5,True,871.2405526489624
417,log2,109,16,18,False,527.4960379671201
210,sqrt,22,10,18,False,462.7167463041342
718,,170,16,7,True,312.9093942547817
403,log2,270,36,6,True,900.9247163500529
78,sqrt,15,2,18,False,372.02610255324663
239,log2,293,18,13,True,658.1435699314499
236,log2,277,23,6,True,721.1756376520366
456,log2,15,10,11,False,456.27433164912304
56,sqrt,256,37,18,True,943.0345433270943
227,,200,38,18,False,382.5823935173081
42,,19,1,12,True,238.88003330855562
767,sqrt,157,39,11,False,774.5025435890312
665,sqrt,148,38,14,False,767.6730170143078
679,sqrt,192,10,19,False,459.56625226063085
187,log2,256,10,15,False,462.9011248432109
169,,228,13,4,False,317.94391901656047
375,log2,288,30,5,False,720.9669743971796
206,,268,24,17,True,347.8983646507392
166,,72,45,14,True,566.8330884582165
40,,173,1,7,False,254.13001022304834
304,,20,47,12,False,500.5911780723921
734,log2,288,37,13,True,904.9729983800332
681,sqrt,133,36,7,True,905.7455848830377
200,log2,106,37,12,False,755.6600386764884
730,log2,236,14,12,True,586.561239090411
585,sqrt,81,33,20,False,738.84214547567
347,log2,50,16,20,True,602.9325647200886
62,sqrt,16,35,4,False,777.4409931425539
420,log2,122,10,14,False,458.10950918846885
402,log2,54,28,11,True,798.7683718790823
169,,134,47,16,True,569.9230727058516
472,,194,15,9,True,310.1027511752022
694,,280,50,11,True,573.6643575403975
268,,244,22,12,False,329.3556407859219
32,sqrt,143,5,10,True,438.440949099211
380,,59,44,19,False,488.1933416178688
78,sqrt,225,25,15,True,742.560711254051
681,sqrt,95,3,12,True,375.47637490172764
252,log2,202,43,20,False,824.1694997589718
133,,9,20,13,True,319.69183629680134
341,log2,115,23,14,True,732.166907960178
325,log2,262,34,13,True,885.6434410485277
674,sqrt,65,41,2,True,950.9758495401719
25,,214,46,13,False,496.2610857338689
113,sqrt,49,7,14,True,472.1167367740075
666,log2,182,41,2,True,949.4962390302965
288,sqrt,173,11,20,False,478.2431353636984
361,,125,5,13,True,256.57251185980357
653,log2,146,12,7,True,534.5650895099203
52,log2,291,3,12,False,364.32858541595374
479,,35,42,13,True,562.0724116153733
523,sqrt,246,38,6,False,759.5828645586281
484,,4,39,16,True,586.1795587970415
767,,262,8,3,False,309.5241905169943
419,sqrt,87,1,9,True,335.51073426805186
616,sqrt,245,42,18,True,959.9134245021766
192,,139,12,3,True,300.63381825412216
155,sqrt,18,6,6,False,383.7140712168828
603,log2,264,6,18,True,434.93895737837687
253,,183,24,17,True,349.89129261854674
499,sqrt,192,12,20,False,480.5441988303054
142,sqrt,78,30,10,True,838.7234131997886
331,,277,22,14,True,326.0909613615004
17,log2,68,34,15,False,738.2204247146536
160,log2,199,30,10,False,714.602626484643
675,log2,254,5,11,False,373.71509942651085
422,log2,162,3,4,False,337.60481110274543
263,sqrt,212,11,2,True,518.5192470942493
197,,112,25,9,False,343.3600896735944
679,,1,21,10,False,1339.458803254854
175,sqrt,256,28,13,False,686.7455591293333
348,log2,228,14,7,False,493.6544193505706
120,,18,5,14,False,247.08759270474454
768,log2,30,23,18,True,726.2558267894152
279,,194,32,6,False,352.3165160501704
83,,12,2,12,True,235.9024346983498
65,log2,242,28,20,True,757.0082054144019
720,log2,209,17,9,False,550.2751392995652
130,,102,38,17,True,542.5607078156065
432,sqrt,25,40,6,False,786.8005163303552
484,log2,88,1,3,True,308.05466663071724
583,sqrt,75,2,17,True,390.6972286776193
493,,114,4,8,True,238.92589844543875
320,,235,3,7,True,226.14060532796265
738,log2,176,47,9,True,1025.8815156876453
286,sqrt,32,19,15,True,675.4588429322614
78,sqrt,169,25,5,False,682.8595691514403
509,log2,62,2,13,False,353.7086580618097
477,log2,53,22,7,False,613.4645567982986
714,log2,35,20,19,True,681.198229512814
594,log2,98,31,6,False,726.4524803616034
265,sqrt,161,17,10,True,626.5370188450244
537,sqrt,210,9,17,False,435.6267751217557
734,sqrt,183,14,17,False,498.3590512428351
715,log2,277,50,17,False,904.449024372526
512,sqrt,12,23,20,True,716.1792585588963
323,,47,16,10,True,312.6372646113672
309,sqrt,175,31,19,False,728.266877401901
8,log2,219,11,6,True,605.8836537562896
359,log2,173,47,5,False,898.0093393137599
286,sqrt,177,23,15,False,629.72784275037
28,sqrt,46,27,18,True,731.2059146624788
653,,69,21,8,True,322.3797868048335
97,,126,16,19,True,312.56212956716587
249,log2,156,37,12,True,911.1577054654068
646,sqrt,260,31,5,False,728.1147722150972
36,,130,9,20,False,300.11070072589104
101,sqrt,159,20,16,True,730.6938432825159
547,,135,1,10,False,254.1483845002083
86,sqrt,264,18,20,False,563.631833609229
457,,164,9,7,True,286.205690261962
741,log2,53,10,18,False,458.27106224707785
563,,85,3,16,False,255.0671601397386
297,log2,255,12,19,False,488.5478484660844
534,,62,38,14,True,542.2111386291942
463,log2,194,19,8,False,567.7011171928593
292,sqrt,36,43,4,True,974.3771549652462
544,,18,40,12,True,554.4954502188543
637,log2,191,11,18,True,518.9081312394176
323,log2,57,47,11,True,1028.598348388968
732,,74,42,10,True,562.2440387259704
449,sqrt,214,9,10,True,481.1966237826822
6,,239,30,13,True,487.63420896190195
356,log2,144,8,11,True,467.60896789465767
417,sqrt,213,27,3,False,684.2860422901861
558,sqrt,57,8,10,False,424.3970277595606
657,log2,131,44,8,False,838.7693520267012
735,log2,7,5,5,True,426.62838843726803
94,sqrt,146,4,4,False,374.60444873126283
527,sqrt,224,14,18,True,595.4021912312821
680,sqrt,210,5,6,True,400.7975998435372
486,sqrt,143,43,6,False,814.7428283080371
332,log2,143,41,14,True,953.1876334578284
792,sqrt,266,39,12,True,932.6348417653536
495,,187,8,20,True,282.27044986315127
290,sqrt,152,7,9,True,445.36735562265363
771,,258,10,11,False,305.01628625744735
664,log2,290,21,11,False,588.5424317198818
584,sqrt,192,50,9,True,1046.2075469275317
587,sqrt,196,11,15,False,463.9827007402456
746,log2,56,39,14,False,774.0647352899223
585,,62,47,9,False,500.5911780723913
488,log2,249,29,14,False,703.7383146939075
133,log2,172,16,7,False,533.6037013177831
621,sqrt,257,1,9,False,330.633860387985
517,,295,23,14,False,330.6665626911952
262,sqrt,33,19,2,False,558.0536972334849
414,,249,11,7,False,306.1982897980824
567,,280,44,17,False,488.1933416178649
635,sqrt,263,29,12,True,814.8780731292129
26,log2,174,14,15,False,528.8724955763139
43,sqrt,125,21,11,False,608.3806142121383
462,log2,255,14,3,True,597.9792543391571
457,,166,36,4,False,373.32358237285666
118,,187,49,3,True,571.6071047347541
358,log2,231,8,10,False,423.90712515918653
244,sqrt,65,35,20,False,746.7873480345987
441,sqrt,254,42,3,True,968.1502018476297
179,log2,219,50,20,False,939.1284663449751
649,,101,50,10,False,502.35021378027034
656,sqrt,133,27,4,False,668.6837768037271
662,sqrt,220,15,11,False,510.8053445396569
455,log2,9,24,14,True,726.25350232019
622,sqrt,168,8,3,False,423.9915814821768
563,,122,1,12,False,254.5082816669121
787,,94,35,13,False,373.3235823728587
629,sqrt,83,45,6,False,836.9295471049239
27,sqrt,246,22,11,True,661.5068843219113
328,log2,162,35,13,True,902.9241837290189
408,log2,68,2,9,True,345.58654306648896
589,,107,20,16,False,328.4344134808582
184,log2,29,36,14,False,751.3465026310035
479,log2,31,14,10,True,596.8999830113158
232,sqrt,89,25,18,True,739.1964779547702
744,sqrt,144,50,8,True,1050.4417567230148
369,log2,20,32,19,True,842.4604649235754
28,,26,50,15,False,502.35021378027
233,log2,161,20,15,True,706.007467264357
477,sqrt,205,12,20,True,535.2154114340991
192,log2,296,15,17,True,596.6414561839875
789,log2,139,36,13,True,900.9753446579791
455,,153,5,14,True,257.45413419844516
482,log2,84,48,10,False,899.2633864986841
748,sqrt,34,19,13,False,567.2683242536023
167,,124,36,8,False,373.3235823728638
484,log2,199,37,8,True,900.4834106845301
261,log2,84,38,18,False,757.357943809695
88,sqrt,267,3,12,False,359.35447868018156
550,,233,45,15,True,567.6319411628831
580,log2,73,22,5,False,616.0214829254951
559,sqrt,72,39,16,False,765.1837037331583
196,sqrt,102,48,7,False,920.7308598232767
620,,106,22,8,True,326.7922756792332
181,,244,48,14,True,570.2649724119342
380,log2,102,36,8,False,743.3013808555236
400,log2,79,1,10,False,337.1231032725376
503,,236,49,14,False,498.46747052760463
452,sqrt,227,24,4,False,640.1539055199889
462,log2,89,19,10,False,568.0424057931469
218,sqrt,140,23,3,False,638.3793420056429
81,log2,213,47,12,False,935.6894221743598
9,sqrt,262,30,5,False,790.1231781783068
32,sqrt,59,32,15,True,837.946739907529
748,log2,88,43,9,False,821.743839297913
309,,186,4,2,True,240.7757364648679
397,,285,13,9,True,304.5050051332524
493,,95,22,15,False,329.3556407859237
42,,176,19,14,True,321.65378853600237
783,,8,13,9,True,308.62202787414986
210,sqrt,26,3,16,True,388.4592241246121
203,log2,261,7,20,True,465.97851039384307
289,log2,62,4,12,True,394.41660488145874
126,sqrt,92,12,2,True,568.9838841888017
784,sqrt,2,20,7,True,1248.7382604441157
800,,90,13,8,False,317.94391901655626
316,sqrt,8,5,8,True,407.9783813693873
590,log2,92,34,16,True,871.6437293140814
268,log2,161,10,19,False,455.85039388001184
775,,128,36,5,False,373.32358237285865
756,log2,285,29,14,False,695.747338783897
718,log2,223,8,8,False,424.8482151037828
413,sqrt,242,17,11,False,559.937749918206
163,sqrt,210,23,4,False,652.5924386090633
248,log2,34,17,9,False,560.3684042759509
234,log2,261,5,5,True,402.97670246012956
431,,197,16,15,True,312.60662625089043
570,log2,75,38,5,True,914.088645469277
357,log2,104,45,18,False,851.2703432397016
768,,212,23,3,False,330.66656269119494
575,log2,237,43,20,False,811.0077773467593
527,,137,35,8,False,373.3235823728558
749,,232,33,12,True,489.37241448002624
16,log2,133,12,11,True,641.6663319651138
335,,63,21,10,False,329.4610397526255
382,,203,38,11,False,382.58239351730714
771,,210,45,16,True,567.4631209735987
567,sqrt,78,38,13,False,759.6090279731272
690,sqrt,290,48,11,True,1035.8668743752805
721,log2,281,39,4,True,933.7641208250149
519,,256,43,13,True,564.8059189123709
763,log2,209,15,13,True,584.0051579932824
541,sqrt,246,2,9,False,337.72974713977453
35,,204,37,19,True,540.8274108774053
562,log2,114,33,11,False,740.5855716440544
708,,289,47,4,True,569.4084300078453
13,,34,34,7,True,512.6208702576488
85,,137,21,3,True,321.2733587352981
620,,98,12,10,False,306.06487533608305
647,,77,19,4,False,331.84653434508164
117,log2,155,22,16,True,729.9634315384674
293,,251,18,14,True,317.9842284397011
663,sqrt,98,43,2,False,820.2407717552591
299,log2,46,50,16,False,919.5673509349639
510,log2,201,20,13,True,682.2036208216437
533,,268,15,17,False,317.32471532634474
48,sqrt,124,23,12,False,649.5744006461865
709,sqrt,96,48,15,False,893.3004379741575
139,log2,35,27,13,True,778.6090567930061
54,log2,269,42,2,False,862.0212724000903
9,log2,157,28,15,True,872.8723552458739
111,sqrt,111,29,14,True,815.2881497853095
440,sqrt,240,4,14,False,377.8876683194265
70,,137,29,17,True,436.01191035795205
271,,73,44,16,True,565.4035952528405
531,sqrt,274,10,5,True,502.20352545024866
324,,187,20,5,True,320.5450862780879
786,sqrt,163,22,19,True,707.2235403008394
374,,283,10,12,True,292.00109271212534
719,,128,49,15,False,498.4674705276048
350,log2,280,16,20,True,604.7384043752706
354,log2,247,20,19,True,695.7112462645858
118,,250,50,5,True,572.5727024495884
228,sqrt,272,31,6,False,727.937491241232
348,log2,265,44,16,True,985.4547938041026
376,sqrt,148,44,20,False,844.0061798251386
783,log2,37,3,7,False,342.05439332553857
237,sqrt,252,32,9,True,839.9579278234656
719,,38,7,5,True,274.14837184978114
171,sqrt,270,6,14,False,382.2850359546818
87,log2,140,2,12,False,366.12779768190194
327,log2,125,2,2,True,335.06446339668867
216,sqrt,128,17,13,False,565.5746790156822
68,,163,36,2,False,373.32358237286286
677,,33,35,12,False,373.3235823728574
510,sqrt,125,27,17,True,774.3647507358475
125,sqrt,95,20,10,False,553.8358282100362
752,log2,107,26,7,True,764.0126058947077
482,,188,17,19,True,315.2417790276044
128,sqrt,1,40,3,True,1712.342224995578
187,sqrt,50,49,16,True,1062.8121114012588
48,sqrt,210,5,7,True,417.2815295198306
262,log2,161,38,5,True,918.6902692342065
650,log2,212,4,11,False,360.5237835355273
336,sqrt,50,6,6,True,418.2125334384327
628,log2,112,44,18,False,834.5946773831209
324,sqrt,111,27,13,False,677.4519788545127
733,log2,240,11,17,False,464.69176870336275
665,sqrt,248,20,12,False,564.7753611591972
390,log2,184,28,6,True,800.7372247710155
566,log2,137,46,9,True,1003.5238992780086
471,log2,229,18,19,False,555.0151895383035
320,,38,35,3,True,512.3279106231207
468,sqrt,210,13,17,True,569.2126328217197
159,,276,47,2,False,500.5911780723916
501,log2,250,43,3,False,815.4645049792484
174,sqrt,116,32,3,True,868.6979025467978
225,log2,276,16,20,True,613.6720428349976
108,log2,169,28,11,True,794.3253088768698
77,,159,9,15,True,286.7865567744989
129,,101,19,4,True,318.5515415777459
607,log2,69,17,18,False,548.7642561578554
724,,55,1,3,True,213.16015760562067
160,,121,11,7,True,296.43048647480305
415,sqrt,232,2,12,True,361.4976024961184
722,,228,6,18,False,272.20234686627043
785,,181,1,15,False,255.90831950221954
67,,42,50,12,True,572.4447270013862
147,,164,37,9,True,534.7543488119078
715,log2,85,25,3,False,648.9247702218486
627,,249,24,10,True,347.40582487565075
568,log2,62,14,20,True,590.4228218547821
131,sqrt,250,43,20,True,1007.9644140626492
550,log2,276,32,10,False,732.6070110673235
490,sqrt,253,15,12,False,512.2072073396567
128,,154,15,17,False,317.32471532634787
129,log2,32,39,5,False,801.0335716784895
656,sqrt,249,49,6,True,1043.3484412586208
577,sqrt,283,15,2,False,508.71025840348716
713,sqrt,135,5,18,True,419.5925683779014
162,log2,259,7,11,False,425.5397571740978
357,log2,113,39,15,False,772.5375945703935
476,,39,24,9,True,346.79367860817894
18,log2,59,46,3,True,1050.402101861897
219,sqrt,58,3,18,True,401.063501416853
433,,53,36,13,True,523.0687785259962
188,,168,32,13,False,352.31651605017197
716,log2,75,22,9,True,706.4073724915472
383,log2,208,5,13,True,401.52237258147704
100,sqrt,167,46,9,True,1062.5571273255844
258,sqrt,178,17,9,True,625.9170375855344
704,sqrt,252,11,4,True,523.6799035884686
42,log2,137,23,19,True,704.7805750239353
665,,128,14,15,True,308.02174345960776
681,sqrt,246,47,19,False,890.6447278624028
794,sqrt,13,25,3,True,753.4477429168174
163,sqrt,40,16,7,True,628.0194669376949
635,sqrt,41,20,2,True,679.3545760547597
211,,217,4,11,True,244.34227282633898
503,,12,35,11,False,373.3235823728556
744,,82,36,13,True,524.9968403509056
39,,175,24,4,False,329.60520046486516
651,log2,194,22,9,False,615.92934193363
294,,123,21,9,True,322.224714263609
152,,241,9,12,True,286.76860890206785
136,,148,44,3,False,488.1933416178673
474,log2,103,45,6,True,995.5693258592073
536,log2,24,5,3,True,397.90929382835384
392,log2,131,12,18,True,544.7795618915108
672,,233,23,12,True,335.7333736723282
66,log2,61,19,4,True,701.2863669705772
50,sqrt,7,23,16,False,639.1781152583712
220,sqrt,27,14,6,True,631.1609155114713
421,log2,288,12,13,False,486.8592542747237
695,log2,142,31,11,False,726.5308405846343
423,log2,36,1,4,True,313.66991750112254
510,,80,47,7,False,500.5911780723919
382,,165,5,18,False,262.0264159177598
662,,244,30,3,True,448.3276654675367
14,log2,112,1,14,False,381.3761349065499
403,,96,11,16,True,296.8155554375528
571,log2,291,37,13,True,898.6482295422918
373,log2,51,4,3,False,355.8653189449149
310,log2,31,42,18,False,821.2502517897912
234,sqrt,117,12,14,False,490.7487471015746
679,sqrt,53,8,15,False,424.69622303145064
776,,120,32,8,False,352.3165160501703
379,sqrt,209,36,6,False,743.4849040922534
537,sqrt,203,15,5,False,511.7587534657939
237,,261,22,3,True,326.97716350091116
511,sqrt,179,35,9,True,880.9577394082635
101,,54,26,7,False,344.03082464947255
407,log2,106,21,11,False,588.171381465551
70,sqrt,41,35,15,True,889.3343968207196
645,log2,134,13,9,False,494.329351318668
778,log2,171,44,3,False,836.5992502126214
751,log2,62,10,18,False,458.3325114202726
351,sqrt,160,30,13,True,826.6801250385715
78,log2,288,17,4,True,630.7909511350754
117,,131,35,12,True,515.9068005856122
312,log2,9,6,5,True,421.15405018149966
605,,221,41,11,False,488.19334161786475
776,log2,187,42,6,False,815.7216931447663
113,log2,225,49,17,True,1091.2725376251944
441,log2,247,21,12,False,588.3652253428257
163,log2,234,2,15,True,383.29298152216586
609,log2,244,45,13,False,838.3125506778107
397,sqrt,179,8,8,False,424.1435203959255
116,log2,25,37,6,False,782.181319089195
231,,78,5,19,False,269.47195308701174
622,sqrt,55,3,18,True,401.0792980820993
91,sqrt,112,42,9,True,986.5095290701372
174,log2,96,34,15,True,901.9514532282874
71,sqrt,59,34,4,False,749.7942712008595
10,,34,48,7,False,498.46747052760537
704,sqrt,122,24,13,True,736.4910577999317
361,,52,33,18,False,354.05787292749153
370,sqrt,238,3,7,True,361.0460091590071
749,log2,138,21,9,True,698.2678647067144
246,sqrt,137,21,10,True,703.0901928072863
24,,11,2,9,False,247.6283484872845
368,sqrt,101,29,14,False,705.1703680658582
420,log2,4,33,17,True,930.1608028073462
32,log2,245,6,9,False,402.40350710393284
446,,105,10,15,False,305.0162862574398
207,,122,37,12,True,533.8250557189897
499,log2,230,37,6,True,903.3353378292549
186,,32,3,5,False,251.73036555142335
197,,232,47,18,False,500.59117807239187
25,,25,16,13,True,311.6869983167651
327,log2,81,24,11,False,638.0039230494964
664,,141,4,13,False,250.95959144753954
152,sqrt,78,27,4,False,695.0886653034811
32,log2,192,49,19,True,1036.379281123899
499,,89,32,12,True,476.38990885160416
720,log2,259,39,19,True,934.0487479926705
433,,252,50,15,True,573.7889334600559
641,log2,273,24,10,False,638.4316016762527
112,log2,165,24,9,False,668.7034944620383
474,sqrt,96,11,20,True,518.6549493974668
749,,74,39,7,False,382.582393517302
629,log2,3,24,7,True,990.6894382269201
780,sqrt,7,22,17,True,706.5323967283841
742,sqrt,205,10,16,False,458.10343565957925
688,sqrt,121,36,3,False,745.8296919421826
697,log2,277,35,20,True,890.9642989308785
551,log2,285,13,3,True,565.4109686863258
49,,105,42,14,False,488.1933416178667
435,,213,44,5,False,488.1933416178681
455,log2,81,3,18,True,400.99490223163775
402,log2,74,32,10,False,739.0178049047082
783,,86,32,3,False,352.3165160501705
371,sqrt,257,28,19,False,699.5480415020629
630,log2,145,42,15,False,810.9059011251702
269,sqrt,235,43,15,False,824.0327465776433
429,log2,33,7,13,False,415.99545972622957
166,log2,242,20,11,False,549.4975638470828
545,log2,149,36,20,False,739.4541916440415
171,log2,141,39,19,False,778.5822614882449
40,log2,258,32,7,True,815.2219955376424
376,log2,31,38,17,True,924.5236088210087
474,,26,33,14,False,354.05787292749096
512,log2,284,3,18,True,402.20400747530266
239,log2,9,18,3,True,656.640232139281
540,log2,93,39,14,True,934.9187719057642
361,,3,11,12,False,547.6834687861203
44,sqrt,8,5,11,True,457.05327791511394
335,log2,125,16,5,False,525.6549126523007
84,log2,252,28,18,False,712.9677401062279
31,log2,13,39,14,True,873.4037654551969
302,log2,177,38,16,False,763.5162330979281
792,log2,16,15,7,False,514.4646746945929
201,,20,22,19,False,329.3556407859217
29,,276,13,17,False,317.94391901655996
255,,222,15,8,True,309.68470973997097
502,sqrt,1,11,2,True,1677.1856764461834
110,,205,8,6,True,280.98937026261905
781,sqrt,,25,3,True,751.0633562888383
307,sqrt,111,45,5,False,858.0789532896096
486,log2,278,8,7,True,461.74726206940227
181,sqrt,218,46,14,True,1033.147693863648
614,log2,39,35,3,False,751.5159019642983
732,log2,55,11,20,False,464.7622102423506
712,sqrt,76,1,12,True,358.93443187375715
578,log2,148,50,4,True,1045.5175529197159
290,sqrt,20,44,2,True,976.6144806198364
73,sqrt,9,8,11,True,484.6335734673877
459,sqrt,31,30,18,False,719.2441778109351
517,log2,239,16,13,False,524.9154716725914
466,log2,297,22,19,True,697.5756490143993
757,sqrt,187,43,11,False,821.4163912694164
505,log2,183,50,13,False,901.9235078761171
713,sqrt,281,10,15,False,458.9511701460654
633,sqrt,262,6,16,False,390.6117565736733
282,sqrt,213,31,20,False,722.0160993181395
352,,128,46,13,True,568.8465081205352
484,sqrt,173,31,10,True,832.7030516278365
514,sqrt,144,46,6,True,1005.8687151150509
539,sqrt,51,46,2,True,1005.0097848047599
455,log2,86,41,9,True,944.0668047430865
303,log2,194,20,16,True,693.6424259354096
598,,150,14,9,True,308.0703728852353
694,,57,8,5,True,280.09885113066275
385,,102,20,11,True,320.49944357378604
118,,271,33,3,False,354.0578729274947
251,sqrt,6,28,11,True,785.5211440778261
698,sqrt,130,40,17,True,938.0310705366431
535,,190,27,4,True,395.1382219771536
504,sqrt,105,30,14,True,815.5552171468132
452,log2,192,29,14,False,703.0384478737684
562,,259,26,17,False,344.0308246494699
773,,247,4,14,False,249.72655519424328
247,log2,43,32,11,True,839.3911252119477
407,log2,287,30,10,True,821.5645677013977
134,log2,298,11,7,True,546.9315497273235
34,log2,143,21,9,True,694.3829841412525
339,log2,59,17,16,True,627.4173495459079
665,log2,12,36,7,False,748.061842274093
88,log2,136,4,11,False,361.06737609445867
335,,203,49,3,False,498.46747052760566
783,log2,172,41,15,True,948.8502615131115
748,sqrt,99,21,2,False,590.0886778742055
31,sqrt,233,40,9,False,780.3198497626854
88,sqrt,124,43,17,True,990.474263407761
286,sqrt,88,43,14,True,970.2109827683214
357,sqrt,151,45,12,True,997.6715406216899
177,log2,18,26,18,True,771.6408145627927
551,sqrt,162,50,9,False,903.2785143350322
636,sqrt,128,15,12,False,510.02027924362244
211,sqrt,143,27,14,False,686.6184353383629
110,sqrt,52,23,13,False,662.5847396412883
112,,96,20,20,True,320.3918567154857
223,log2,296,41,13,False,823.3839975400288
338,log2,144,2,12,True,361.5289711491823
610,log2,57,4,14,False,376.7400330743395
61,log2,256,48,15,True,1088.9123493708935
246,,228,6,10,True,267.7569915934459
588,,92,7,4,True,274.1116756766546
293,log2,6,39,4,False,771.1981670465312
653,sqrt,64,17,3,False,548.4274004195829
718,log2,52,48,17,False,892.2229377436327
680,log2,171,31,3,True,847.0473396439061
499,,122,18,20,False,325.9607873171799
201,,228,10,2,False,305.0162862574416
562,,50,46,13,True,568.9832707220012
360,log2,138,32,20,False,739.1488168141232
612,,81,33,10,True,489.7143496861032
718,,8,41,20,False,488.19334161786344
196,,101,9,5,True,286.97763845083796
22,,112,15,2,True,308.9576760210027
493,log2,292,38,17,True,919.9447451688695
456,log2,228,30,4,True,816.8623330804483
97,log2,48,31,4,True,834.7182670038496
256,sqrt,236,47,14,True,1010.6312908660528
341,,73,34,5,True,501.56280351487953
274,,113,39,9,False,382.58239351730856
456,,52,38,16,True,541.9457701431128
638,sqrt,61,29,11,True,816.3229010432196
265,,286,37,2,False,375.419239831987
303,sqrt,289,21,16,False,586.7458195904561
728,log2,266,33,16,False,740.4247227889514
40,log2,143,31,6,False,695.0728494323615
130,,3,8,13,True,496.63280610377825
358,log2,110,22,7,False,613.1618866051953
299,sqrt,94,31,3,False,725.5902252680712
38,sqrt,28,41,8,False,781.1689814439125
561,log2,74,42,2,True,959.1929477370982
663,,192,41,13,True,558.9491775667501
630,log2,86,35,20,False,749.4937465642047
753,log2,216,30,18,True,824.5294273579659
555,sqrt,185,12,17,True,536.5955056974824
659,,26,28,13,False,341.3504056716898
244,log2,282,41,19,False,811.4997255143346
652,log2,,47,12,True,1023.1514939477447
573,log2,182,39,18,False,764.510412562396
689,log2,96,23,10,False,625.5773402615436
607,sqrt,293,36,13,True,895.3244108990974
147,sqrt,68,5,18,True,429.56556031835106
157,,71,36,15,True,524.411618102076
319,,194,1,9,False,253.98441861391336
482,sqrt,287,30,13,False,721.1876577856046
612,,99,25,19,False,343.3600896735936
77,log2,287,12,11,False,508.6474727122092
305,,18,7,2,True,274.79254649197424
659,,272,30,19,True,448.36983919025795
345,,84,32,18,True,474.67910727289706
93,,217,29,7,False,333.51480599710914
185,,184,29,3,False,333.5148059971089
702,sqrt,297,25,5,True,753.314864206111
293,log2,64,14,6,True,618.0585067831917
69,log2,245,16,11,True,641.4914621403768
170,log2,13,10,10,False,464.8471044625844
433,sqrt,7,17,18,True,639.8449916091771
242,log2,218,1,12,False,355.17040380184966
322,log2,105,15,19,True,593.7925309591225
609,log2,239,20,16,True,680.2630066355115
178,log2,211,48,12,True,1061.7673381333955
706,sqrt,42,26,2,True,764.9866576373146
439,sqrt,291,43,13,False,819.8135165465549
114,log2,92,26,13,True,755.9891401364584
38,log2,211,18,10,True,627.8124230214621
678,,79,43,17,True,564.6513135212149
31,sqrt,142,25,14,True,714.5606461958632
414,sqrt,195,7,2,False,415.96039703151905
201,,88,42,10,False,488.1933416178696
736,log2,36,11,17,True,524.8007579906466
653,,232,6,18,False,272.2023468662703
580,log2,201,6,15,False,390.76623761316824
689,log2,76,43,4,False,821.720058335536
115,sqrt,104,47,15,True,1070.5000841447322
377,log2,92,43,11,False,818.7103947624752
378,,230,32,2,True,474.28029937537406
604,sqrt,102,15,3,True,583.8021037454937
747,sqrt,94,32,6,False,730.3090228406415
201,sqrt,13,15,17,True,596.7810380467012
771,log2,284,2,20,False,384.1390212182265
89,log2,6,39,10,True,954.4124243197911
120,sqrt,145,29,12,True,813.5563065070471
285,log2,136,34,20,False,732.5851641100132
53,,239,5,10,False,252.87031916415935
657,sqrt,107,9,19,True,479.1327393992496
726,log2,160,21,4,True,699.8260379473937
343,,7,28,7,False,354.73423559473355
207,,221,8,8,False,309.52419051698934
727,log2,89,8,16,True,464.3073188613139
420,sqrt,30,15,13,False,515.3390374005887
499,,17,2,2,True,216.76453016763958
329,,138,25,8,True,359.5359914249772
695,,95,42,17,False,488.1933416178639
354,sqrt,230,16,18,True,605.3099264842862
518,sqrt,229,49,12,False,900.8086493526562
732,log2,227,4,3,False,359.6889223641956
445,,43,6,5,True,266.1864175877196
362,,110,27,16,False,341.19240695811675
470,,32,9,16,False,302.4889053607739
298,sqrt,246,28,17,False,687.5325023316411
47,sqrt,212,24,19,True,732.2028446852597
628,log2,293,29,15,True,814.6932903720235
149,log2,194,39,9,False,789.9747526677727
546,,141,24,8,False,329.60520046486215
229,sqrt,277,50,15,True,1062.3542784299457
526,log2,228,41,14,False,803.4825135445249
370,,96,49,10,False,498.4674705276053
323,sqrt,1,44,3,False,1711.8572890394241
784,log2,28,46,14,False,862.5150403116739
484,sqrt,171,4,12,False,361.91478562229213
692,log2,162,46,17,True,1014.8473338931988
250,,248,2,14,True,243.53488515194766
336,sqrt,259,4,4,False,358.47040538929195
418,log2,61,45,10,False,849.0650321331384
45,,270,49,16,True,575.845993230758
217,sqrt,21,42,13,True,971.3977126040874
777,sqrt,78,41,5,True,947.3954186921565
526,sqrt,66,45,2,True,989.8854177903461
262,,18,4,15,True,253.8642962884252
131,sqrt,125,21,12,False,598.7244738604892
696,sqrt,248,10,3,True,506.0267402832226
44,sqrt,15,9,12,True,516.8730166015129
252,log2,110,37,17,False,744.5563411509532
624,sqrt,129,17,2,False,549.2088532978161
694,sqrt,228,45,2,False,841.714062504587
663,,46,10,6,True,291.8090247672294
10,log2,184,26,4,False,724.639644241557
104,,96,42,13,True,561.8151450289895
376,log2,124,41,6,True,954.1362443375237
331,,60,28,19,False,341.35040567169114
540,,60,46,5,True,568.9010776282291
290,sqrt,28,38,11,False,760.9216841008849
441,,254,17,16,True,315.19843992734366
369,sqrt,151,32,5,False,740.3652915361791
127,sqrt,160,16,9,False,536.1328675348352
566,sqrt,93,18,15,False,552.8155765643522
368,,284,40,6,False,383.24459560087473
187,sqrt,136,25,17,True,744.0593554689057
47,,269,47,9,True,571.2457621124887
760,sqrt,256,24,12,False,636.9993294023266
43,,300,35,16,True,513.4715268058848
34,sqrt,80,14,5,False,524.4146889946114
729,sqrt,270,14,3,False,498.94773386567795
199,,12,41,16,True,557.7846670166139
731,log2,250,20,10,False,566.643640293972
244,log2,16,46,17,True,1011.6534517862108
188,,192,8,6,True,280.36180849279566
691,sqrt,32,34,6,False,747.6726588098414
135,sqrt,289,45,2,True,1028.2559282769728
610,sqrt,285,23,6,False,626.4462967978476
202,,51,1,18,False,268.14288836543597
388,log2,258,31,12,True,833.2498702195617
710,sqrt,193,25,13,False,648.8168886467467
271,log2,236,12,17,True,535.4582964546032
724,sqrt,81,49,4,True,1044.4822912749346
350,,100,49,16,True,572.7087535588498
424,,288,35,2,True,512.4390441398291
334,log2,176,42,8,False,823.8908526148732
242,,226,20,5,False,328.434413480855
254,sqrt,7,42,10,True,958.6020003918986
472,sqrt,151,46,7,True,1007.8375461589652
6,,121,22,8,True,326.75916604985696
390,,154,27,10,True,391.55392708101954
140,,271,42,3,True,561.6266328856454
343,,195,50,8,False,502.35021378027034
120,log2,117,35,18,True,924.9050945048035
646,log2,143,39,9,False,769.94364814769
794,,11,3,11,False,256.8201515350336
130,sqrt,241,5,7,False,385.094321800953
33,log2,216,44,2,False,860.5095548009833
19,log2,32,39,5,False,717.2933676792042
637,sqrt,,28,18,False,684.0362496408121
22,sqrt,254,37,20,False,698.6116928522594
490,,143,4,9,True,239.13219092657715
631,log2,182,32,11,False,727.7248295704801
251,sqrt,123,38,20,False,759.2769011321118
521,,142,35,13,False,373.32358237285536
91,sqrt,30,5,6,True,407.37805407431205
485,log2,196,41,8,False,808.1367255200635
406,,164,18,20,False,325.9607873171808
458,log2,142,8,10,True,462.022923034233
753,sqrt,275,28,15,False,683.0321597215458
557,sqrt,298,25,9,False,651.3348206275058
340,log2,84,47,13,False,896.3670229155418
14,log2,107,31,9,True,1008.8296745335725
585,,189,50,8,True,574.2783273535111
204,log2,197,20,8,True,711.3858465734382
485,log2,1,7,7,False,1695.3268577244953
499,log2,167,37,14,False,752.2794869641875
616,sqrt,13,21,17,False,589.4820272463751
294,sqrt,48,20,3,True,697.1416739876106
348,,177,46,11,False,496.2610857338714
463,sqrt,46,17,12,True,624.8269013606756
299,,172,29,15,True,429.69427132438585
43,,246,24,2,False,329.60520046486505
116,sqrt,94,30,3,True,843.1539741926189
18,log2,67,50,2,False,999.9843522086541
120,log2,44,8,13,True,486.39920094441027
57,,226,32,15,False,352.31651605017123
612,,162,32,20,True,476.57499960529356
780,log2,69,33,19,True,865.3283456030158
524,log2,44,38,10,False,760.3206996185548
664,sqrt,134,2,4,False,319.778521698105
232,sqrt,5,20,2,False,636.8792913936918
597,sqrt,106,43,13,True,967.8317914294158
158,sqrt,70,4,18,False,385.2476055815728
372,log2,202,17,14,True,629.6578916212057
586,log2,254,5,18,False,392.28840979958943
124,,276,30,11,False,334.36153222791893
109,,41,37,20,False,375.41923983198564
23,,115,44,16,True,565.6367622105926
199,sqrt,22,10,14,False,461.8878766266411
481,log2,261,48,12,False,897.9799113985086
193,,109,48,18,True,570.3700786203415
133,log2,159,18,10,False,552.1715534790573
195,sqrt,229,27,15,True,785.6694708726312
19,log2,298,41,7,False,807.6830081103363
95,,52,45,18,True,565.8582597371078
462,log2,197,3,7,False,340.7418231021729
384,sqrt,52,9,5,False,435.1732843910703
543,sqrt,37,44,4,True,979.014697260748
742,,211,35,17,True,513.2927580365807
702,log2,71,4,6,True,377.97986258252723
536,,90,46,11,True,568.8448436233838
538,sqrt,172,26,17,False,666.3673209131823
529,sqrt,150,11,10,True,517.6265772022547
442,log2,172,14,6,True,600.64037070911
719,sqrt,140,12,20,True,537.6275525711233
683,log2,146,15,12,False,512.784321725559
476,sqrt,167,48,3,True,1027.903593857276
422,log2,26,14,19,False,493.12651013566574
593,log2,248,34,18,True,870.3862194950127
262,log2,152,26,19,True,753.7026201091514
75,,6,25,2,False,373.0437289011063
318,,80,47,6,False,500.5911780723919
118,log2,109,44,19,True,1009.7973445876354
757,sqrt,265,21,8,False,589.6537894575966
589,log2,133,18,14,False,553.522154544792
89,,147,40,20,True,555.4250282197268
581,log2,224,33,18,True,855.2770252273183
437,,69,25,3,True,360.02583376537365
604,log2,35,38,8,True,915.1274257609086
572,sqrt,222,19,5,True,659.6917224007576
332,log2,292,22,8,True,714.9760155924778
726,sqrt,160,47,7,True,1027.2706952581395
301,sqrt,168,31,14,False,726.1965456379113
655,log2,137,7,18,False,409.48411593895065
131,sqrt,196,43,18,True,1007.9644140626492
42,sqrt,124,2,13,False,381.6298563496886
709,,131,12,15,False,306.06487533608174
378,log2,159,41,11,False,812.5674549049182
407,log2,91,2,8,False,337.36760356950646
796,,252,49,9,False,498.46747052760503
183,sqrt,186,41,11,True,966.8637930513144
539,sqrt,294,17,7,True,619.5893690576372
79,log2,28,20,17,False,550.0891523683913
736,,82,21,14,True,322.4636076270712
459,sqrt,92,2,18,False,368.85522314425225
484,,3,31,20,False,552.172968229927
446,sqrt,189,12,19,True,539.3865052618967
197,sqrt,1,7,5,True,1682.1698259378484
109,sqrt,213,26,9,False,692.5642678743665
65,sqrt,243,31,3,True,807.6432801101364
170,sqrt,50,27,7,True,785.2023829538531
166,sqrt,96,39,15,True,962.66672027315
59,sqrt,255,45,15,False,871.6612123356231
66,,213,38,19,True,542.1422649172664
623,sqrt,194,19,9,True,660.6835264950657
752,sqrt,165,38,16,True,917.1397969430017
682,sqrt,287,30,8,True,829.2133684755709
307,sqrt,118,4,15,True,402.9422933701628
800,,156,16,6,True,312.990311229632
560,,185,20,10,False,328.434413480858
227,,117,6,3,False,276.7544853091445
757,log2,228,40,12,False,787.2481289893391
231,log2,174,47,19,False,901.5549416640208
139,sqrt,243,10,8,True,518.3409368340535
770,,250,4,12,True,244.32129707184063
712,sqrt,19,6,6,False,381.40691187657995
364,log2,227,7,20,False,416.95309796371123
20,,125,32,13,True,491.9128929878411
601,sqrt,138,35,14,False,751.4810603973665
636,log2,91,25,16,True,747.2684910630253
68,,256,18,6,False,325.96078731718336
111,sqrt,192,49,4,True,1098.434924637583
751,sqrt,283,41,9,False,809.6645541344884
193,,137,37,11,True,533.2955609662811
255,sqrt,238,12,18,True,537.9755895886808
289,,16,41,12,True,557.9788653581194
672,sqrt,291,3,6,False,336.7116893799733
512,,6,43,19,True,565.722556084877
75,sqrt,47,36,11,True,929.7699476155054
83,,255,19,19,False,331.84653434508084
471,sqrt,23,14,16,False,489.34582401658605
740,sqrt,20,3,5,True,353.69065384709353
12,,157,28,14,True,450.2440138929156
658,log2,6,28,5,True,807.798554727744
118,log2,207,46,20,False,930.0300024362724
643,,188,3,15,True,249.66839404484796
765,sqrt,258,15,11,True,583.7986197732098
603,sqrt,49,13,15,False,491.48444553587575
263,sqrt,183,8,17,True,469.1747467992082
339,sqrt,183,1,4,True,313.4821166492091
29,log2,106,45,3,True,985.1973754270597
635,,14,44,9,False,488.19334161786435
200,sqrt,286,26,16,False,678.9014087799039
50,log2,258,13,12,False,534.274878348546
679,,78,2,3,True,216.6513037765937
762,,190,19,4,True,318.63374074155064
252,sqrt,110,49,14,False,909.775538473069
769,sqrt,38,45,3,False,841.9710911863262
786,log2,133,40,12,False,785.3545711042284
445,sqrt,284,25,18,False,661.6353033455729
370,sqrt,223,24,4,False,645.119627331192
667,sqrt,288,38,15,True,924.0776616254518
495,log2,258,2,11,True,353.83341009180094
215,,74,11,8,False,306.1982897980876
236,,73,38,8,False,382.58239351730816
551,sqrt,157,36,19,True,900.0787411786648
539,,253,13,17,False,317.9439190165581
302,sqrt,196,32,8,True,839.0456523897061
646,,153,26,18,False,344.03082464947
67,sqrt,146,17,12,True,636.3746821893563
138,sqrt,138,42,10,False,852.0115170440012
63,sqrt,110,19,13,True,700.6123479600597
314,,276,44,9,False,488.1933416178696
540,log2,65,33,14,True,856.5815518400863
311,log2,45,46,7,False,878.4673894178088
720,sqrt,1,42,5,True,1685.9399435503692
54,,195,23,10,False,330.6665626911905
640,sqrt,42,5,6,False,370.38248938006666
84,sqrt,185,31,3,False,768.1259349709408
247,sqrt,242,31,11,False,724.2823840451531
201,sqrt,202,16,8,True,616.1035733299414
603,log2,1,36,19,True,1676.2677604711407
31,log2,276,25,7,True,714.5606461958632
345,log2,143,6,17,True,436.9664116846968
12,,222,47,5,False,500.5911780723908
526,log2,292,10,8,False,456.5675801469398
678,,202,21,10,True,322.39671182457715
309,,224,1,19,True,259.04579597597103
97,log2,148,28,19,True,797.3145062506537
351,,271,43,8,True,564.5747923139082
221,log2,133,44,4,True,985.6720986016975
114,sqrt,181,3,3,False,338.57327327632095
181,sqrt,140,17,3,False,562.2440399373739
106,sqrt,12,43,14,True,1008.3256012066782
741,log2,85,22,3,True,705.2178216411036
341,,156,16,13,True,312.5871718288096
246,sqrt,17,2,18,False,368.7069261970971
333,log2,164,49,16,False,920.5362957786448
428,,117,27,19,True,393.0020393148721
158,sqrt,47,24,12,False,653.8053519620012
699,log2,245,14,9,False,496.27427879216356
766,,15,7,18,True,276.4125152342953
422,sqrt,190,30,2,True,821.9275751685584
787,,209,9,18,True,286.7464558317829
282,sqrt,23,1,6,False,312.9597843239992
440,log2,150,43,13,True,977.2651204349568
769,,293,19,19,True,318.5779503055415
297,log2,178,45,3,True,995.0083170601833
154,log2,160,8,6,False,428.7698069788998
671,,239,20,7,False,328.4344134808592
317,log2,213,30,9,True,827.6895453669295
482,sqrt,182,47,6,True,1019.1770004228672
71,log2,56,8,2,False,437.24541436182693
125,,260,1,10,True,222.7966660550447
495,,22,49,12,False,498.46747052760475
318,sqrt,43,12,2,True,541.5782804956137
255,log2,34,10,10,True,507.49109022065414
85,,3,14,4,False,547.6834687861135
773,log2,93,3,12,True,376.2576642608992
214,log2,125,39,10,False,773.268581115913
578,log2,218,40,17,False,779.1108054736825
244,sqrt,134,10,7,False,458.60569780867917
77,log2,190,35,19,True,900.7589218563154
463,,157,17,6,False,324.11508455872894
227,log2,12,9,10,True,493.1214355304609
587,,70,18,10,True,317.28249336566824
402,,205,18,4,True,317.4157004430871
177,log2,96,30,15,True,845.3207331651803
800,sqrt,257,48,4,False,892.494714431416
512,log2,94,35,2,True,881.9494834441379
368,sqrt,260,36,16,True,903.9466529047086
173,log2,297,39,18,True,961.550531088529
68,,209,48,4,False,498.46747052760475
147,,230,19,6,True,318.5238105560191
778,log2,177,34,7,False,747.9546238548193
602,,245,25,4,True,359.6890137417677
311,,110,25,6,False,343.36008967359453
750,,66,11,13,False,306.1982897980824
349,,233,31,20,False,346.29498377499783
62,sqrt,214,48,5,True,1095.555008088921
413,sqrt,62,10,20,True,507.4729454207472
155,sqrt,212,33,6,True,890.0636859773974
497,,210,48,20,True,570.9170915720498
688,log2,281,25,14,True,753.4648569646713
414,sqrt,103,7,10,True,447.0848665061964
163,,47,31,8,False,346.29498377499885
344,,67,35,8,False,373.3235823728606
661,sqrt,168,7,14,True,448.83953191700476
591,,74,39,16,False,382.5823935173038
648,sqrt,86,40,10,True,936.1376483537691
694,,105,32,17,True,476.5156422490009
272,,197,35,5,False,373.3235823728641
9,sqrt,199,41,15,True,1064.1231935695646
20,,25,48,14,False,498.46747052760537
778,,73,5,16,False,249.55279580854483
187,log2,73,41,16,False,823.0892406111783
98,sqrt,131,45,13,False,904.0362243514295
795,,110,27,15,True,395.4884889428166
688,,227,37,11,False,375.41923983197904
481,sqrt,168,44,7,True,983.8643526144091
552,sqrt,295,28,12,True,801.1535443491744
344,log2,134,44,9,False,845.1336414114206
464,,197,7,10,True,274.4640349399148
502,,253,8,10,True,280.0960253397235
287,sqrt,5,10,3,False,590.5998845295194
653,sqrt,213,41,13,False,809.182304551784
762,log2,200,43,11,False,822.1178556760576
399,,234,21,2,True,321.97026022433
695,,124,30,20,True,448.15421675175946
35,log2,104,20,20,False,558.2288873465645
168,sqrt,168,3,13,True,376.56967701434974
103,,229,33,10,False,354.05787292749466
789,sqrt,235,42,4,False,815.1174299862666
688,log2,292,30,12,True,828.2799997277566
191,sqrt,112,36,16,False,742.8929993718252
697,,220,46,11,True,568.5572167685053
388,,115,46,14,False,496.2610857338709
676,sqrt,78,10,2,False,460.05542955095405
227,,79,38,5,True,541.5657935892691
648,log2,198,29,7,False,699.4891077901862
170,,250,32,6,False,352.31651605017186
559,sqrt,242,20,15,False,560.9294245940539
13,log2,187,7,15,False,431.8637443571894
176,,140,10,10,False,305.01628625744155
462,,170,29,3,True,430.70801042598623
42,log2,233,5,18,True,447.7418468086266
531,log2,186,6,20,True,445.80408722675605
715,log2,49,3,15,False,370.2354437264445
390,,172,23,20,False,330.66656269119386
284,sqrt,180,16,18,True,597.5832976236767
633,log2,218,4,5,False,357.3380844076876
536,,101,9,13,True,286.30586148759573
386,sqrt,198,50,4,True,1057.4332959329695
372,log2,56,33,11,False,749.3544534136439
686,sqrt,221,44,6,True,990.8228573881607
247,sqrt,56,25,10,False,655.618644460019
714,,300,10,12,True,292.06852771145395
239,sqrt,109,21,10,False,591.2246778433035
138,sqrt,191,13,10,True,618.2293754952113
162,log2,197,15,15,True,598.2181320059776
580,,282,29,18,False,333.5148059971067
208,sqrt,269,21,13,True,709.1110893131504
692,sqrt,52,35,20,True,890.3442371857593
91,sqrt,177,4,11,True,381.10657155687477
751,log2,222,24,10,True,734.2470501932038
27,sqrt,89,31,20,True,852.7426063727161
591,log2,48,21,18,True,701.3070430193263
20,log2,287,18,9,False,575.2175074342499
285,sqrt,26,39,18,True,933.3641729601351
632,,76,11,11,False,306.1982897980824
17,,263,40,18,False,383.24459560087195
225,sqrt,107,12,4,False,490.21277596153413
789,log2,214,18,20,False,557.7009851800445
365,,95,41,13,True,558.1191066973947
743,log2,264,18,9,False,556.2996781662258
142,sqrt,153,35,10,False,761.6896064826985
601,log2,143,18,3,False,552.8434494973064
281,sqrt,144,47,10,False,888.6023824640442
336,,254,25,11,True,360.0256806736411
151,sqrt,73,48,4,True,1079.191414935917
33,log2,241,28,5,False,704.2299847934353
29,sqrt,258,19,14,False,534.949754492914
738,sqrt,252,5,18,True,419.47054594190973
727,,110,36,15,False,373.323582372858
775,,82,30,14,True,448.8403224450919
664,sqrt,219,41,7,True,949.1513843292803
500,sqrt,276,11,17,True,519.1133160225781
239,,114,32,7,True,474.14449745368063
329,log2,117,30,14,True,827.8747516027812
721,log2,282,2,2,True,334.18923141093586
627,sqrt,130,32,3,True,842.2100748802286
278,log2,93,27,8,False,670.8831688898196
523,log2,40,36,20,False,738.045935894788
272,log2,294,36,17,True,905.946576150662
726,,268,43,17,False,488.1933416178633
693,sqrt,124,37,13,True,905.3311283258749
443,log2,217,18,16,True,650.4386402374275
594,sqrt,,45,3,False,837.4914644984125
238,sqrt,186,40,13,True,934.1056201392526
668,sqrt,42,10,9,True,506.22993971687725
376,log2,300,31,7,False,736.6935478810603
169,log2,172,32,2,True,866.1138115946226
236,sqrt,16,29,4,False,689.7111942592102
778,log2,295,10,6,True,506.04093574111255
560,log2,180,2,11,False,346.7538233091765
420,sqrt,255,8,14,False,422.859383755617
166,log2,148,32,13,False,746.9798576684129
138,log2,26,5,16,False,400.37896735085656
566,log2,138,36,5,True,896.5104825694847
345,log2,127,22,9,True,712.0027873061008
570,log2,80,2,16,True,380.1905871725896
237,,52,31,17,True,461.2455047345906
561,sqrt,231,24,19,False,637.4498807791132
638,sqrt,61,48,5,True,1027.2877549933728
204,,199,18,8,True,318.11069073842583
21,log2,203,44,18,False,932.5962134832375
163,sqrt,21,6,8,False,382.41467567484324
23,,66,10,19,False,305.01628625744127
724,log2,248,49,5,False,902.006259640309
403,log2,203,10,20,True,507.5064363054501
11,sqrt,290,4,8,True,475.9569410616453
94,log2,165,42,11,False,867.0771706051219
40,log2,241,28,6,True,751.4891266505261
570,sqrt,110,35,6,True,883.4130389016415
381,sqrt,97,18,20,True,652.4198782371909
625,log2,74,31,5,False,724.9115640064797
228,log2,13,44,20,False,852.0962722214247
639,log2,57,46,5,True,1009.1826104504701
5,,203,17,16,False,324.11508455873064
637,sqrt,103,49,16,True,1037.8483786844654
628,,194,14,3,True,308.05333790405956
170,log2,258,8,16,True,482.21325551245553
313,log2,138,33,10,True,858.5937833202067
372,sqrt,233,18,7,True,653.9586435959553
356,,229,29,13,True,431.002073652695
751,sqrt,252,12,8,False,480.01575362804186
308,sqrt,280,47,8,True,1021.2018226206362
211,sqrt,254,32,19,True,850.6018153351497
435,log2,174,25,9,False,664.7496482017639
217,sqrt,199,45,14,True,1000.1222868858852
16,,186,11,14,False,306.1982897980864
462,log2,91,45,9,True,995.9736684733082
789,log2,26,9,10,False,439.4391190170064
55,sqrt,166,12,8,True,575.7249075616816
604,log2,136,47,20,True,1016.2269943328369
599,log2,224,38,13,False,762.3303009020167
48,,239,36,13,False,373.32358237286303
315,,226,34,17,False,356.26368062084606
60,,226,50,10,True,573.5839550502241
359,sqrt,19,32,12,False,737.5631694599876
570,log2,199,9,4,True,477.355163501987
130,,162,35,6,True,515.1726017997296
568,log2,94,31,10,True,831.3764775867459
713,sqrt,78,9,14,True,484.95387764744817
617,sqrt,123,27,18,False,669.425002469017
754,log2,272,44,20,True,983.8461147842082
752,sqrt,123,39,18,True,930.1361193721539
208,sqrt,96,34,5,True,882.0941210324631
484,,226,16,11,True,312.65390896777905
115,,236,42,4,True,562.2224711095539
752,sqrt,224,22,6,False,617.3835576441631
609,sqrt,248,29,12,False,699.2562707126032
254,log2,69,21,5,True,697.4600191536961
265,log2,23,9,10,True,483.3619923856159
724,log2,14,10,19,True,506.69390156865705
534,,83,43,11,True,564.7091395514541
188,log2,240,24,19,True,735.0486258453084
51,sqrt,182,38,11,True,927.484695916766
541,log2,129,32,7,True,841.06684217035
508,,91,44,9,False,488.19334161786674
684,log2,227,19,11,True,665.1035955598201
558,sqrt,202,43,11,True,967.8092999485965
120,sqrt,187,46,19,False,931.629983251033
603,,23,3,2,False,251.73036555142653
622,log2,7,8,14,False,444.64894739033224
297,,142,10,6,True,292.04879507422106
44,,48,17,5,True,314.3020149681547
253,,181,26,8,True,380.45221646921635
521,,3,46,5,False,665.1894583629239
34,,55,40,7,True,559.1270554188452
723,,226,49,15,False,498.4674705276044
302,log2,46,36,10,False,738.9132717607636
733,,298,22,15,False,329.3556407859286
210,sqrt,174,23,6,False,641.8184300365473
282,sqrt,151,33,15,True,855.7235129003234
311,sqrt,155,19,6,False,566.7798892406319
515,,279,35,19,True,513.3171679856032
445,,282,31,10,True,461.2333495612837
616,sqrt,162,24,12,True,732.7428259356766
372,,90,8,13,True,280.4662084081235
216,sqrt,88,15,11,False,516.5224400437733
251,sqrt,128,3,14,False,371.89927712370644
136,log2,232,2,18,False,370.68710519566133
212,sqrt,253,26,11,True,769.4617103560176
737,sqrt,149,11,15,False,465.5017698727457
56,log2,131,16,15,True,655.8371469728901
288,log2,268,20,20,False,545.8112242053154
262,log2,145,43,9,True,964.0094220148779
574,,264,18,7,True,317.36401667917556
501,,95,5,6,True,254.13762076253906
493,log2,270,42,12,False,816.748612904822
747,sqrt,10,1,20,True,398.9956542766563
735,sqrt,229,3,8,False,346.9670443700906
557,sqrt,181,20,3,False,561.7045592286496
128,log2,63,18,3,True,678.0136901433317
399,,116,32,16,True,474.9127237894567
377,,69,38,10,True,540.9873041686811
8,log2,108,49,18,True,1077.1505845056058
551,log2,156,39,18,False,766.0249475722312
149,sqrt,75,35,17,False,760.7342786697707
574,log2,187,15,2,True,587.4437814846597
679,log2,10,25,7,False,649.0245224037184
512,sqrt,295,45,20,False,840.2787487429428
437,sqrt,238,30,14,False,725.0613632069154
435,,130,7,14,True,274.4756904217523
654,,51,18,8,True,317.1497425394355
138,sqrt,241,24,18,True,738.7617206852627
581,sqrt,69,7,2,True,449.32215300683805
153,log2,146,25,13,True,750.9638678616374
10,,209,3,3,True,225.89441734378025
690,sqrt,37,19,6,True,664.6676475053482
131,log2,25,7,9,True,470.13752440861595
748,,207,28,4,True,417.049403109084
117,sqrt,34,50,14,True,1091.0415923454614
527,log2,180,6,15,True,430.8352801369456
65,sqrt,40,19,12,True,703.0163383497704
696,,170,50,4,True,573.6216564657341
118,sqrt,67,21,15,True,725.086714077508
333,,87,12,2,True,301.1455222367113
697,log2,38,27,12,False,669.431439410263
515,,288,27,16,False,341.1924069581163
740,,210,33,4,True,489.2106622925783
380,,76,49,16,False,498.46747052760526
699,log2,156,42,6,False,818.4392055445826
223,,83,30,6,False,334.36153222791995
165,log2,112,38,12,False,778.9432169587807
280,log2,229,31,14,False,722.3040209682339
186,,180,39,5,False,382.5823935173079
538,log2,145,2,7,True,340.8913608779237
621,sqrt,270,50,12,False,906.1034550234592
426,log2,248,43,6,False,818.8586825775718
32,log2,219,25,15,True,707.0759585784732
261,sqrt,22,6,11,True,415.88948187246416
354,,51,39,5,True,547.5638114283609
192,sqrt,7,25,14,False,677.0808614876362
682,sqrt,77,4,16,True,402.2650302795884
355,sqrt,22,22,19,True,711.8255481997685
403,sqrt,136,42,4,False,816.0281670797596
227,,191,23,18,False,330.6665626911903
214,sqrt,224,13,18,False,504.79494701667033
464,sqrt,38,18,6,True,646.542781408681
198,log2,222,42,19,True,974.0073318555199
214,,66,19,8,True,318.6860095726343
642,log2,168,29,17,True,817.1101230677062
151,sqrt,234,40,12,True,960.9579684034267
285,sqrt,290,3,2,True,356.3757628638798
240,log2,115,25,3,False,662.3343409665604
334,sqrt,198,37,8,True,913.7206762120604
42,log2,295,34,14,True,826.1194985026418
691,,76,12,8,False,306.0648753360827
16,sqrt,36,23,19,True,752.4631889538904
579,,180,43,8,False,488.19334161786526
328,,171,35,17,False,373.3235823728614
137,log2,178,21,2,True,717.8398952938583
186,log2,244,18,6,False,550.8685896989052
763,log2,80,17,6,False,549.5593280900391
189,sqrt,235,6,19,True,451.19873089055005
340,log2,16,49,7,False,918.6877396909377
506,sqrt,126,11,16,False,465.9046521537994
324,,151,24,11,True,346.5399935633227
240,,107,48,7,True,569.3825391590685
243,sqrt,214,19,2,False,561.1641129600542
692,,92,34,9,False,356.26368062084686
65,log2,231,32,4,False,767.3950645127294
216,log2,242,45,19,True,1001.698102674033
642,sqrt,116,14,7,False,493.4354845763742
386,sqrt,245,23,18,False,634.4714360985097
752,log2,25,30,15,False,715.9437688134518
650,log2,59,11,16,True,518.9974324858044
477,log2,140,50,10,True,1048.4934152634503
366,,207,38,11,True,541.00127096514
451,log2,259,17,4,False,556.8415927875819
10,,2,46,12,True,978.0288235025658
13,,86,38,18,False,382.58239351730526
455,log2,246,42,3,False,815.3249536467076
58,,114,45,14,True,564.7021548458597
785,log2,170,19,15,False,566.8969188901223
65,log2,182,6,6,False,391.0664043561597
556,log2,102,43,8,True,969.6091424712248
335,log2,49,11,18,True,524.6265766012391
12,log2,181,43,3,False,923.0627461462448
742,log2,230,21,19,True,698.6694434635407
157,sqrt,77,43,15,True,1006.0243189534159
224,,144,18,14,False,325.9607873171821
66,sqrt,135,37,8,True,917.5214426575671
46,,227,23,13,True,329.7394298143462
549,log2,59,29,12,False,701.6854678338427
524,,282,41,20,True,558.6980455550129
21,log2,124,9,7,True,552.0745670015392
253,,147,35,8,True,510.9636262741059
375,sqrt,11,11,17,False,472.37076557370045
229,log2,80,23,2,True,724.5556813865954
35,sqrt,240,22,13,False,653.9924136173204
248,log2,110,45,5,True,990.6217998638216
132,log2,134,26,5,True,761.7445976773827
537,sqrt,258,1,4,False,310.60108324737655
297,,224,43,4,False,488.1933416178698
725,sqrt,90,42,6,False,815.6734760893166
446,log2,74,44,5,True,987.0130704897715
500,log2,153,38,8,False,764.2704595394998
90,log2,180,35,17,True,898.5652492356571
741,,121,17,9,False,324.1150845587283
735,sqrt,198,32,14,False,729.2306182009411
407,,19,2,19,True,259.6117767953783
672,sqrt,190,26,7,False,666.748813551656
544,log2,119,9,4,True,479.8837005875722
105,log2,65,41,12,False,857.1495554683685
767,,13,33,18,True,489.3939247985065
700,,112,4,13,True,247.13768996102687
273,,111,44,6,False,488.19334161787003
482,sqrt,92,40,5,False,784.4278409055354
720,,168,8,4,False,309.5241905169938
444,,86,30,17,False,334.3615322279222
479,sqrt,87,2,20,False,383.51640739737104
562,sqrt,213,11,8,True,517.4837107802823
639,sqrt,112,26,4,True,759.5815482536813
118,log2,221,31,18,True,845.4954261415602
529,sqrt,168,7,18,True,441.3826712957294
474,sqrt,181,44,6,True,983.7961590103362
395,sqrt,50,16,19,True,606.14542019907
487,sqrt,284,27,13,True,777.9488810579714
5,log2,39,4,13,False,403.0663189438194
118,,202,12,9,True,299.9948613455557
540,sqrt,296,24,10,True,727.7100772437657
268,sqrt,295,37,14,True,910.7511095013779
418,sqrt,175,50,10,True,1054.2235009010687
773,,205,45,17,False,488.1933416178625
658,sqrt,192,13,12,False,496.21062107601153
281,log2,97,1,15,True,370.5927040041049
587,,220,30,13,False,334.36153222792274
140,sqrt,128,46,7,False,916.1332103577099
485,sqrt,187,8,6,True,462.0660894231332
612,,133,44,12,False,488.1933416178646
387,,193,27,14,False,341.1924069581166
574,,278,43,7,False,488.1933416178651
576,,66,19,9,True,318.76052793419416
235,sqrt,287,14,15,True,623.5728903056237
654,log2,64,27,2,False,668.8680146982265
195,sqrt,34,6,15,False,386.798279057253
124,,296,36,19,True,525.0912383315019
292,,204,15,8,False,317.32471532634776
683,log2,96,11,11,False,465.8466401152098
795,log2,215,15,9,True,581.9980570614545
101,,185,2,2,True,219.04022221761375
498,log2,50,36,20,True,896.5723101312607
734,sqrt,38,45,9,False,837.3964547666551
388,sqrt,71,48,16,False,903.9324859133707
568,sqrt,233,11,20,True,516.6668487219538
321,sqrt,196,22,13,True,712.2563811170005
26,,184,39,13,True,545.846346296644
734,sqrt,19,10,3,True,505.7033979429608
199,sqrt,16,24,12,False,643.4157476104825
510,log2,254,26,5,False,666.4138089164754
425,log2,214,10,16,True,506.2484865534942
795,sqrt,297,3,11,True,372.72030409852226
115,sqrt,37,46,12,False,933.443332212154
287,log2,247,14,8,False,488.9610104981273
296,sqrt,46,6,8,True,416.4807489615417
471,log2,85,40,11,False,781.75737871745
508,sqrt,2,49,20,True,1313.1935855267282
230,log2,46,23,20,True,722.9279501420672
313,log2,150,33,17,True,858.5937833202067
594,sqrt,149,37,4,False,750.061738708971
388,sqrt,246,46,11,True,1016.8716403922044
199,log2,96,1,13,False,353.52041992929736
16,sqrt,77,38,16,False,692.7429259764541
558,,240,6,5,False,276.75448530914684
704,,76,36,11,False,373.3235823728578
104,log2,287,5,9,False,386.50896898882604
593,sqrt,166,48,19,True,1025.0452803159924
332,sqrt,213,25,2,False,659.6315349963443
20,sqrt,201,38,4,False,685.0869618032998
704,log2,239,10,13,False,458.56948563220135
342,log2,192,27,8,False,678.0065777796949
655,,37,11,3,True,296.51920937945454
615,sqrt,65,12,15,True,534.786835942449
279,,130,34,5,False,356.2636806208472
190,sqrt,68,28,11,False,680.3363119448953
240,,17,2,20,False,270.693694728501
311,,92,44,3,False,488.1933416178697
21,,212,9,4,False,302.48890536077414
492,log2,100,38,17,False,764.2156741677568
701,log2,110,44,10,True,988.7580970710756
307,log2,25,4,16,False,376.0016155916861
118,log2,172,15,10,False,507.7046190645172
108,log2,13,36,14,False,763.9339966966635
107,sqrt,216,42,18,False,870.7439555489409
48,,237,38,13,True,540.5333046559356
650,,18,40,6,False,383.24459560086973
526,sqrt,72,12,4,False,480.07944221210295
586,log2,60,2,7,True,339.7347668693212
118,log2,296,8,3,False,429.47824973882257
293,,59,10,6,False,305.0162862574408
524,,142,21,17,True,322.13064327715193
506,sqrt,234,46,20,False,861.9104385722346
20,log2,80,34,3,False,712.6898827371015
279,log2,152,31,16,True,832.6732066188023
291,sqrt,211,21,8,True,701.264579387213
747,,88,3,3,True,224.91336349075073
682,log2,259,27,13,False,669.9965053928312
459,log2,47,18,15,False,555.4329150294277
128,log2,39,13,19,False,508.77676180430035
328,sqrt,221,25,9,True,744.6032603088071
471,log2,160,15,10,True,590.8414315255445
418,log2,197,13,11,True,577.4518024532524
441,log2,44,24,13,True,730.8511073075525
643,sqrt,36,25,13,False,649.6625178498405
447,,188,37,3,False,375.4192398319802
448,log2,270,36,7,True,894.4878357495608
260,,102,9,17,True,286.8547937550387
370,log2,91,7,15,False,406.20685687745697
518,log2,229,27,12,True,774.0412092089949
106,,189,22,4,True,324.57165109339667
792,,213,17,9,False,324.1150845587285
627,sqrt,32,35,4,True,882.1641799161846
218,,20,34,9,True,501.73844607193996
621,,212,11,16,False,306.1982897980823
769,sqrt,120,7,4,False,412.6473368319712
381,sqrt,115,24,9,True,737.4149613749279
220,sqrt,53,45,16,False,874.3977205159013
375,,94,10,15,False,305.0162862574403
116,,97,22,17,False,329.35564078592137
260,log2,141,33,13,True,850.4794980685938
244,sqrt,243,46,9,False,873.6362413623608
293,sqrt,16,45,14,True,997.0509412422666
473,log2,157,45,13,True,994.254546582869
206,log2,74,13,10,False,502.3891539886063
521,sqrt,211,8,4,False,424.4770800408089
220,log2,125,6,7,False,385.82637893738627
385,log2,132,1,8,False,324.88163340425746
508,,4,8,3,False,431.15601974748455
546,sqrt,12,8,18,False,429.5561839343995
148,log2,157,34,19,True,905.276436454305
318,log2,56,15,14,False,515.2524290701382
81,sqrt,203,40,15,False,800.4964030309841
101,sqrt,51,7,14,True,473.90161745933875
383,log2,199,3,9,True,357.8741991807387
92,sqrt,178,30,9,False,722.9255970228085
281,sqrt,135,16,3,True,598.739462917213
649,,20,14,15,False,322.5571941485405
324,sqrt,112,41,7,True,950.5745673645067
520,,93,13,6,False,317.9439190165583
250,,159,36,17,False,373.3235823728644
623,log2,261,18,11,True,638.2114701517208
380,sqrt,51,29,13,False,705.5442204956855
371,log2,123,19,16,True,678.136829410378
640,sqrt,20,37,20,False,748.5395786269648
774,sqrt,240,29,18,True,822.7683015694649
95,log2,79,48,20,False,956.3707913555802
588,log2,292,27,13,True,776.0415753300239
41,,45,45,11,True,566.6394428906019
738,log2,116,38,5,False,763.4829755561311
54,log2,260,1,7,True,348.73648269511364
556,,248,18,6,False,325.96078731718035
25,log2,203,41,2,False,791.8454459619135
625,sqrt,162,44,17,True,982.3231521929621
685,log2,118,22,19,False,618.5156049393938
151,log2,205,42,11,False,847.9102121276
195,log2,36,39,12,True,935.6309125849298
521,sqrt,251,6,4,True,422.6539723069603
426,log2,197,4,3,False,356.0832031745711
16,,175,12,20,False,306.064875336087
559,sqrt,17,49,10,False,901.6885231317476
591,sqrt,94,27,9,True,776.8296794490815
739,log2,210,38,12,True,918.8434795528397
247,log2,95,13,4,False,499.08374114282105
517,sqrt,35,8,5,True,460.56813153566065
158,,202,38,4,False,382.58239351730725
427,sqrt,264,44,14,True,989.6237682290067
118,sqrt,98,6,2,False,387.16336691773864
402,,297,1,12,True,233.6683462162331
442,,171,3,13,False,254.179542732826
220,,75,36,15,True,522.2764076162545
47,,241,9,12,True,288.60580912036147
558,,117,10,5,False,305.01628625744246
39,log2,264,21,14,True,704.3731907385571
221,,197,14,4,True,307.04484121853034
294,sqrt,83,35,15,True,900.9825311889012
379,sqrt,257,28,14,False,699.3591568096483
392,sqrt,245,43,6,True,980.0472322688347
124,,277,18,10,False,325.9607873171832
700,,134,6,20,True,273.8085480857349
342,,66,22,9,True,326.1522515880354
176,,293,16,2,True,311.9354163200204
741,log2,58,20,4,True,679.1964439461095
305,log2,21,18,5,True,645.1912154623693
78,log2,125,25,11,False,682.8595691514403
110,log2,176,11,12,False,484.7092082417796
321,,62,6,16,False,273.3088073175785
343,sqrt,109,20,17,True,694.6163403411831
655,log2,163,21,7,False,588.058234593593
711,,214,40,3,False,383.2445956008695
45,,151,45,9,False,488.1933416178668
514,log2,230,33,17,False,739.582803466721
761,log2,144,38,16,False,765.2524600677309
664,log2,75,43,12,True,976.288243235168
664,sqrt,30,9,19,True,479.52756526619106
255,,52,17,5,True,315.48204579285186
407,log2,56,30,14,True,821.5645677013977
289,,109,48,17,False,498.46747052760554
128,,,18,14,True,317.86858521242624
738,sqrt,192,25,4,True,751.2596712830948
186,sqrt,1,35,5,True,1693.0254326301267
235,log2,248,30,7,True,821.0223600901938
306,log2,126,27,19,True,774.1285376495416
689,log2,5,9,17,True,589.9856488925019
797,,187,42,10,False,488.19334161786276
159,,48,46,9,True,568.9115155840335
209,sqrt,215,6,20,False,399.51833233005704
437,log2,220,45,5,True,999.3925075248993
12,log2,38,49,13,True,1180.5139620204905
52,,182,30,17,False,334.36153222791955
475,log2,265,11,5,True,518.6031528591211
277,sqrt,173,17,3,False,553.4079542053437
8,log2,164,22,13,True,680.090921596801
777,log2,109,8,6,True,464.3528072324606
389,sqrt,237,27,19,True,781.1196426194617
438,log2,110,14,7,False,491.14509666358015
440,sqrt,160,25,19,True,744.6598851791306
214,,288,14,4,False,322.5571941485412
108,log2,255,33,7,False,764.9050507789439
183,sqrt,138,1,10,True,353.62270684098365
298,log2,77,22,14,True,709.0243675464706
363,sqrt,183,9,13,True,481.60646527148197
571,log2,114,21,12,False,586.6506307912864
710,sqrt,68,37,4,False,750.5887871948327
239,sqrt,225,16,5,True,613.0515637887547
766,,9,33,16,True,489.45628928479744
675,sqrt,153,39,3,False,777.7929378203819
608,sqrt,136,1,13,False,349.9992037665263
254,log2,139,34,13,True,873.3228802732751
206,sqrt,295,23,16,False,642.9418942049043
354,log2,251,5,20,False,398.8635889468161
210,sqrt,274,36,19,False,745.7453810317609
741,,123,37,14,False,375.4192398319794
464,sqrt,31,48,11,True,1029.2653185017023
561,sqrt,257,31,4,True,832.8685284017066
433,,265,15,8,True,309.98994058695
484,log2,12,47,20,True,1018.9379523881624
244,,17,9,11,False,302.4889053607739
122,sqrt,169,2,19,False,382.0686992210791
469,,121,9,10,False,302.4889053607739
738,sqrt,282,17,12,True,620.3347898596309
46,log2,228,6,2,True,449.9675985082286
472,sqrt,260,6,12,False,380.4089787735472
785,log2,291,20,9,False,568.6228693283549
98,sqrt,229,32,9,True,863.9871444267292
163,,63,38,7,False,382.58239351730754
323,log2,277,38,13,True,929.5252103462257
347,,108,6,20,True,274.08254407774456
457,sqrt,76,34,4,True,867.3811897176041
568,log2,57,42,13,False,810.0254046200882
231,sqrt,203,2,4,False,321.83309580304984
718,log2,218,7,9,False,413.99976614642037
742,sqrt,252,24,12,True,734.3803876037482
736,,76,31,10,True,464.23850164206914
586,,226,24,8,False,329.60520046486164
131,sqrt,107,1,2,True,306.14144385481967
114,,12,46,9,True,568.4974608048351
570,sqrt,76,26,15,True,753.0010330496126
234,sqrt,200,29,3,True,810.8187581029433
535,sqrt,194,26,20,True,754.8903544472349
626,sqrt,49,14,7,True,586.4893696108013
744,,34,31,9,False,346.29498377500136
253,log2,5,45,2,True,997.327706000562
491,,93,35,7,True,513.3480258638486
780,,149,33,11,True,489.30267996362494
85,sqrt,197,35,15,False,770.8928873734113
241,,252,6,3,False,276.75448530914485
409,,6,5,5,True,313.8489542085699
8,,94,10,7,True,292.4016449980126
163,log2,231,30,13,True,840.3911375721298
50,sqrt,242,7,17,True,472.82829781935334
442,,9,46,6,False,496.2610857338709
412,log2,69,22,15,False,618.5832488269094
430,sqrt,185,44,17,True,989.8276852395035
91,log2,117,46,10,False,902.0481298873776
542,log2,83,47,17,True,1014.5800253662674
681,sqrt,148,41,9,False,814.233852818082
780,,118,36,10,True,524.9978781785339
521,,121,19,4,True,318.52368694278636
497,,275,49,10,False,498.4674705276048
395,sqrt,44,44,8,True,989.6443142898092
604,sqrt,1,20,17,True,1676.5914202090605
208,,214,30,5,True,449.27587794410005
677,,232,47,10,False,500.5911780723909
364,log2,68,42,7,True,972.8616474798625
546,,77,5,10,True,253.8668559154125
445,log2,126,45,6,False,847.355927174158
284,log2,34,47,6,True,1019.0104399252069
572,,206,26,6,True,376.4666628928388
529,log2,267,39,19,True,935.6688523820031
55,,245,28,7,True,422.6974282116198
44,,244,38,4,True,540.1915657223573
705,sqrt,103,41,15,False,811.2854361071262
675,,24,17,12,True,315.44747698698643
112,log2,77,3,3,True,358.80140857732187
476,log2,289,22,12,False,613.8359094573703
293,,231,28,19,True,415.58122805266134
690,sqrt,105,42,6,False,818.608221900492
275,sqrt,40,26,13,False,659.7388692658373
262,sqrt,137,33,10,False,727.8591760545048
41,sqrt,142,42,10,True,972.5899329251317
220,sqrt,250,7,4,False,422.26522847809076
360,,278,40,17,False,383.2445956008748
235,,277,24,12,True,349.24885227097013
482,sqrt,34,4,17,False,383.635422276492
18,,171,3,19,False,274.5007668179444
503,,251,18,6,True,317.2782218482422
175,,188,46,2,True,568.5972456859438
643,log2,167,34,16,True,871.3927078371637
